Species,Acinetobacter_johnsonii,Acinetobacter_junii,Acinetobacter_parvus,Acinetobacter_phage_Acj61,Acinetobacter_phage_Bphi_B1251,Acinetobacter_virus_AP22,Actinobacteria_bacterium_HGW_Actinobacteria_5,Actinomyces_cardiffensis,Actinomyces_graevenitzii,Actinomyces_oeslundii,Actinomyces_odontolyticus,Actinomyces_oris,Actinomyces_sp_HMSC035G02,Actinomyces_sp_HPA0247,Actinomyces_sp_ICM47,Actinomyces_sp_S6_Spd3,Actinomyces_sp_oral_taxon_180,Actinomyces_sp_oral_taxon_181,Actinomyces_turicensis,Actinoplanes_phage_phiAsp2,Adlercreutzia_equolifaciens,Adoxophyes_ora0_granulovirus,Aeromo0s_phage_vB_AsaM_56,Aeromo0s_virus_phiO18P,Alcelaphine_gammaherpesvirus_1,Alphaproteobacteria_virus_phiJl001,A0erostipes_hadrus,A0erotruncus_sp_CAG_528,Anguillid_herpesvirus_1,Ateline_gammaherpesvirus_3,Atopobium_parvulum,Atopobium_rimae,Atopobium_vagi0e,Bacillus_phage_phBC6A51,Bacillus_phage_phBC6A52,Bacteroides_phage_B124_14,Bacteroides_phage_B40_8,Bathycoccus_sp_RCC1105_virus_BpV,Bifidobacterium_adolescentis,Bifidobacterium_angulatum,Bifidobacterium_bifidum,Bifidobacterium_breve,Bifidobacterium_catenulatum,Bifidobacterium_dentium,Bifidobacterium_kashiwanohense,Bifidobacterium_longum,Bifidobacterium_minimum,Bifidobacterium_pseudocatenulatum,Bifidobacterium_subtile,Blattodean_ambidensovirus_2,Blautia_obeum,Blautia_sp_CAG_257,Blautia_wexlerae,Bovine_alphaherpesvirus_1,Bovine_alphaherpesvirus_5,Bulleidia_extructa,Burkholderia_phage_KS5,Burkholderia_virus_BcepC6B,Candidatus_Pelagibacter_ubique,Catenibacterium_mitsuokai,Cellulophaga_phage_phi10_1,Cellulophaga_phage_phi18_3,Cellulophaga_phage_phi19_1,Chloracidobacterium_thermophilum,Chromatiales_bacterium,Chrysodeixis_chalcites_nucleopolyhedrovirus,Clostridium_disporicum,Clostridium_leptum,Clostridium_perfringens,Clostridium_phage_phi24R,Clostridium_sp_CAG_413,Clostridium_sp_CAG_964,Collinsella_aerofaciens,Collinsella_intesti0lis,Collinsella_stercoris,Comamo0s_testosteroni,Coprococcus_catus,Coprococcus_comes,Coprococcus_eutactus,Corynebacterium_variabile,Corynebacterium_xerosis,Cronobacter_phage_vB_CsaM_GAP161,Cronobacter_phage_vB_CskP_GAP227,Cryobacterium_arcticum,Cupriavidus_gilardii,Cupriavidus_sp,Cutibacterium_acnes,Cyanophage_KBS_S_2A,Cyanophage_S_TIM5,Cyprinid_herpesvirus_1,Cyprinid_herpesvirus_3,Dehalococcoides_mccartyi,Desulfobacter_hydrogenophilus,Desulfobacter_sp,Desulfobacterium_autotrophicum,Desulfocapsa_sulfexigens,Desulfococcus_oleovorans,Dialister_invisus,Dietzia_alimentaria,Dorea_formicigenerans,Dorea_longicate0,Draconibacterium_orientale,Eggerthella_lenta,Enorma_massiliensis,Enterobacteria_phage_13a,Enterobacteria_phage_EcoDS1,Enterobacteria_phage_HK225,Enterobacteria_phage_IME10,Enterobacteria_phage_K1A,Enterobacteria_phage_K1F,Enterobacteria_phage_P4,Enterobacteria_phage_T3,Enterobacteria_phage_mEp460,Enterobacteria_phage_phiEcoM_GJ1,Enterobacteria_phage_phiP27,Enterobacteria_phage_vB_KleM_RaK2,Enterococcus_aquimarinus,Enterococcus_faecalis,Enterococcus_faecium,Enterococcus_hirae,Enterococcus_phage_phiEf11,Enterococcus_phage_phiFL4A,Erwinia_phage_vB_EamP_S6,Erwinia_virus_Ea214,Erysipelothrix_larvae,Escherichia_phage_HK639,Escherichia_phage_TL_2011b,Escherichia_phage_phAPEC8,Escherichia_virus_EPS7,Escherichia_virus_G7C,Escherichia_virus_N4,Escherichia_virus_RB14,Escherichia_virus_T5,Escherichia_virus_V5,Escherichia_virus_phiV10,Escherichia_virus_wV8,Eubacterium_brachy,Eubacterium_eligens,Eubacterium_hallii,Eubacterium_infirmum,Eubacterium_rectale,Eubacterium_sp_CAG_180,Eubacterium_sp_CAG_251,Eubacterium_sp_OM08_24,Eubacterium_sulci,Eubacterium_ventriosum,Faecalibacterium_prausnitzii,Faecalitalea_cylindroides,Firmicutes_bacterium_CAG_83,Flavobacterium_frigoris,Fusicatenibacter_saccharivorans,Gardnerella_vagi0lis,Gemella_morbillorum,Gemella_sanguinis,Gemmiger_formicilis,Geobacillus_virus_E2,Gordonia_amarae,Gordonia_phage_GTE7,Gordonia_sputi,Gordonibacter_pamelaeae,Granulicatella_elegans,Halioglobus_lutimaris,Holdemanella_biformis,Human_alphaherpesvirus_2,Human_endogenous_retrovirus_K,Human_mastadenovirus_F,Hyphomicrobium_denitrificans,Hyphomo0s_jan0schia0,Immundisolibacter_cernigliae,Intestinibacter_bartlettii,Klebsiella_phage_JD001,Klebsiella_phage_phiKO2,Klebsiella_virus_0507KN21,Klebsiella_virus_KP15,Klebsiella_virus_KP27,Klebsiella_virus_KP34,Klebsiella_virus_KP36,Kocuria_polaris,Kocuria_rosea,Lachnospira_pectinoschiza,Lactobacillus_animalis,Lactobacillus_phage_A2,Lactobacillus_phage_JCL1032,Lactobacillus_phage_LL_H,Lactobacillus_phage_Lc_Nu,Lactobacillus_phage_Lrm1,Lactobacillus_phage_Sha1,Lactobacillus_phage_phiGb1,Lactobacillus_phage_phiadh,Lactobacillus_rogosae,Lactobacillus_ruminis,Lactobacillus_salivarius,Lactobacillus_virus_LP65,Lactococcus_chungangensis,Lactococcus_lactis,Lactococcus_phage_1706,Lactococcus_phage_340,Lactococcus_phage_949,Lactococcus_phage_P335_sensu_lato,Lactococcus_phage_Tuc2009,Lactococcus_phage_asccphi28,Lactococcus_phage_bIL285,Lactococcus_phage_bIL309,Lactococcus_phage_bIL312,Lactococcus_phage_jm3,Lactococcus_raffinolactis,Lactococcus_virus_KSY1,Lactococcus_virus_bIL67,Leuconostoc_pseudomesenteroides,Listonella_phage_phiHSIC,Loktanella_salsilacus,Lymantria_dispar_multiple_nucleopolyhedrovirus,Macaca_mulatta_polyomavirus_1,Mageeibacillus_indolicus,Maribacter_arcticus,Maribacter_orientalis,Mesotoga_infera,Mesotoga_prima,Methanobacterium_congolense,Methanobacterium_formicicum,Methanobacterium_lacus,Methanobacterium_sp_Maddingley_MBC34,Methanobrevibacter_smithii,Methanosarci0_lacustris,Methanosarci0_sp_MTP4,Methanospirillum_stamsii,Methanothrix_soehngenii,Methyloceanibacter_methanicus,Methyloceanibacter_superfactus,Methyloprofundus_sedimenti,Microbacterium_aurum,Microbacterium_azadirachtae,Microbacterium_chocolatum,Microbacterium_hominis,Microbacterium_laevaniformans,Microbacterium_maritypicum,Microbacterium_phage_Min1,Microbacterium_sp_C448,Micrococcus_aloeverae,Micrococcus_luteus,Microlu0tus_phosphovorus,Micromo0s_pusilla_virus_12T,Micromo0s_sp_RCC1109_virus_MpV1,Microprui0_glycogenica,Modestobacter_marinus,Mogibacterium_diversum,Monoglobus_pectinilyticus,Murine_mastadenovirus_B,Murine_osteosarcoma_virus,Mycobacterium_gordo0e,Mycobacterium_lepraemurium,Mycobacterium_phage_KayaCho,Mycobacterium_sp_ITM_2016_00316,Mycobacterium_sp_Root135,Mycobacterium_sp_ST_F2,Mycobacterium_sp_UNC267MFSha1_1M11,Mycobacterium_sp_YC_RL4,Mycobacterium_virus_Predator,Mycobacterium_virus_TM4,Mycolicibacterium_brumae,Mycolicibacterium_chlorophenolicum,Mycolicibacterium_chubuense,Mycolicibacterium_doricum,Mycolicibacterium_fallax,Mycolicibacterium_gilvum,Mycolicibacterium_insubricum,Mycolicibacterium_llatzerense,Mycolicibacterium_mucogenicum,Mycolicibacterium_obuense,Mycolicibacterium_rhodesiae,0kamurella_multipartita,Nocardia_phage_NBR1,Olsenella_scatoligenes,Orgyia_leucostigma_nucleopolyhedrovirus,Oscillibacter_sp_CAG_241,Ostreococcus_lucimarinus_virus_1,Ostreococcus_lucimarinus_virus_OlV5,Ostreococcus_tauri_virus_1,Ostreococcus_tauri_virus_2,Ostreococcus_virus_OsV5,Ottowia_oryzae,Paludisphaera_borealis,Parvimo0s_micra,Parvimo0s_sp_KA00067,Pelagibacter_phage_HTVC008M,Pelagibacter_phage_HTVC010P,Pelagibacter_phage_HTVC011P,Pelagibacter_phage_HTVC019P,Planktomari0_temperata,Porcine_type_C_oncovirus,Prochlorococcus_phage_P_GSP1,Prochlorococcus_phage_Syn1,Prochlorococcus_phage_Syn33,Prosthecochloris_sp_CIB_2401,Pseudoalteromo0s_phage_H105_1,Pseudoalteromo0s_phage_RIO_1,Pseudoalteromo0s_phage_pYD6_A,Pseudomo0s_kunmingensis,Pseudomo0s_phage_AF,Pseudomo0s_phage_F10,Pseudomo0s_phage_PA11,Pseudomo0s_phage_PA16,Pseudomo0s_virus_LKA1,Pseudomo0s_virus_gh1,Pseudoruegeria_lutimaris,Puniceispirillum_phage_HMO_2011,Rhodococcus_erythropolis,Rhodococcus_qingshengii,Rhodothermus_phage_RM378,Roseobacter_virus_SIO1,Ruminococcus_bicirculans,Ruminococcus_bromii,Ruminococcus_g0vus,Ruminococcus_lactaris,Ruminococcus_sp_CAG_403,Ruminococcus_sp_CAG_488,Ruminococcus_sp_CAG_563,Ruminococcus_torques,Salmonella_phage_7_11,Salmonella_phage_Fels_1,Salmonella_phage_SSU5,Salmonella_phage_Vi_II_E1,Salmonella_phage_epsilon34,Salmonella_virus_Epsilon15,Salmonella_virus_FelixO1,Salmonella_virus_HK620,Salmonella_virus_Jersey,Salmonella_virus_PsP3,Salmonella_virus_SP31,Salmonella_virus_SPN1S,Salmonella_virus_ViI,Sedimenticola_sp,Serratia_phage_Eta,Shigella_phage_pSf_1,Shigella_virus_AG3,Shimia_aestuarii,Silicibacter_phage_DSS3phi2,Simian_mastadenovirus_F,Skermanella_aerolata,Slackia_isoflavoniconvertens,Solobacterium_moorei,Sphingomo0s_sanxanigenens,Sphingopyxis_terrae,Staphylococcus_epidermidis,Staphylococcus_hominis,Staphylococcus_phage_StB27,Streptococcus_infantis,Streptococcus_lutetiensis,Streptococcus_mitis,Streptococcus_oralis,Streptococcus_parasanguinis,Streptococcus_phage_Dp_1,Streptococcus_phage_PH15,Streptococcus_phage_SMP,Streptococcus_pseudopneumoniae,Streptococcus_salivarius,Streptococcus_sp_A12,Streptococcus_sp_SK643,Streptococcus_thermophilus,Stx2_converting_phage_1717,Sulfitobacter_sp_JL08,Sulfitobacter_sp_SK011,Sulfurovum_sp,Synechococcus_phage_S_CBS1,Synechococcus_phage_S_CBS2,Synechococcus_phage_S_CBS3,Synechococcus_phage_S_CBS4,Synechococcus_phage_S_RIM2,Synechococcus_phage_S_RIP1,Synechococcus_phage_S_RSM4,Synechococcus_phage_S_SKS1,Synechococcus_phage_S_SM2,Synechococcus_phage_S_ShM2,Tetraselmis_viridis_virus_S1,Tetrasphaera_elongata,Tetrasphaera_jenkinsii,Thalassomo0s_phage_BA3,Thermoplasmatales_archaeon_SCGC_AB_539_C06,Thermus_phage_TMA,Thermus_phage_phiYS40,Thiobacillus_denitrificans,Tissierellia_bacterium_KA00581,Tobacco_vein_clearing_virus,Trichococcus_flocculiformis,Trichococcus_pasteurii,Tsukamurella_phage_TPA2,Tsukamurella_pseudospumae,Tsukamurella_tyrosinosolvens,Tyzzerella_nexilis,Veillonella_parvula,Vibrio_diazotrophicus,Vibrio_phage_VBM1,Vibrio_phage_VvAW1,Vibrio_phage_helene_12B3,Vibrio_phage_martha_12B12,Vibrio_phage_pYD38_A,Vibrio_phage_pYD38_B,Williamsia_marianensis,Xanthobacter_autotrophicus,X.Collinsella._massiliensis,ANME_2_cluster_archaeon,Aeromo0s_virus_AS4,Betaproteobacteria_bacterium_HGW_Betaproteobacteria_14,Bradyrhizobium_sp_BTAi1,Candidatus_Methylomirabilis_oxyfera,Candidatus_Nitrotoga_sp_MKT,Clostridium_phage_PhiS63,Colwellia_phage_9A,Cycloclasticus_pugetii,Cycloclasticus_zancles,Deltaproteobacteria_bacterium_CG2_30_66_27,Deltaproteobacteria_bacterium_CG_4_10_14_0_8_um_filter_43_12,Desulfobacter_postgatei,Dickeya_virus_Limestone,Erwinia_phage_PEp14,Escherichia_virus_RB43,Formosa_sp_Hel1_31_208,Formosa_spongicola,Fowl_aviadenovirus_C,Human_immunodeficiency_virus_1,Invertebrate_iridovirus_22,Ketobacter_alkanivorans,Labilibaculum_filiforme,Lactococcus_phage_BK5_T,Lactococcus_phage_P087,Lactococcus_phage_ul36,Lentibacter_algarum,Loktanella_phage_pCB2051_A,Macacine_alphaherpesvirus_1,Mariprofundus_aestuarium,Mycobacterium_avium,Mycobacteroides_immunogenum,Mythim0_unipuncta_granulovirus_A,Pantoea_vagans,Papiine_alphaherpesvirus_2,Prochlorococcus_phage_P_SSM7,Pseudomo0s_phage_tf,Rhodocyclales_bacterium,Rubritalea_profundi,Saimiriine_gammaherpesvirus_2,Sedimenticola_sele0tireducens,Sedimentitalea_0nhaiensis,Sphingomo0dales_bacterium_EhC05,Spirochaetae_bacterium_HGW_Spirochaetae_1,Staphylococcus_virus_CNPH82,Sulfitobacter_phage_EE36phi1,Sulfitobacter_phage_pCB2047_C,Sulfuritalea_hydrogenivorans,Synechococcus_phage_S_MbCM25,Thaumarchaeota_archaeon_SCGC_AB_539_E09,Thermoleophilum_album,Vibrio_phage_CP_T1,Vibrio_phage_henriette_12B8,Xestia_c_nigrum_granulovirus,delta_proteobacterium_0phS2
GC_core_5_S5,0,0.00253,0,0.18339,0,0,0.12243,0,0.01327,0.02475,0.65063,0.12651,0.28159,0.12137,0.05007,0.02037,0.0116,0.01806,0.02903,0,0,0,0.45638,0,0.05077,0.1202,0.00955,0.25367,0,0.0833,0.06519,0.04809,0.28545,0,0,0.25502,0,0.15361,6.24969,0.4687,0.08086,0.0114,0.19323,0.05813,0.01089,1.07479,0.0058,0.42869,0.00364,0,0.007,0.01517,0.06832,0,0.0724,0.00471,0.10552,0.02682,0,0.01684,1.27871,0.15525,0.15217,0.7867,0,0,0.01571,0.00968,0,0,0.16592,0.97154,2.40577,0.04165,0.06829,0.0152,0.17869,1.67832,2.11089,0.06022,0.00107,0.05951,0,0.00483,0,0.0466,0.00896,0,0,0,0.30982,0.26792,0.05969,0.00406,0.05025,0,0,0.2834,0.03782,0.00939,0.07489,0,0.27692,0.01217,0,0,0,0,0,0,0.03118,0,0,0.05563,0,0.13799,0.04926,0.04394,0.01444,0.00214,0.17573,0,0,0,0.12047,0.18858,0,0.03926,0,0,0.01424,0,0.01083,0.23688,0,0,0.01292,0.36012,0.10982,0.01272,0.13712,3.67298,0.01855,0.7908,0.13537,0.00802,0.02487,0.01406,2.01339,0,0.54005,0.08534,0.00373,0,0.21368,0,0,0,0,0.12304,0.00918,0,0.60576,0,0,0,0.01382,0,0.09794,0.00492,0.45628,0,0.06714,0.02713,0.08309,0.1121,0.07966,0,0,0.05325,0.06458,0.05504,0,0.03315,0.03882,0,0,0.22771,0.02814,0.0122,0.18887,0.02192,0,0.01307,0.07486,0.02195,0,0.10392,0,0,0.07549,0,0,0,0,0.02642,0.08322,0.01733,0.00731,0,0,0,0,0.00478,0,0,1.45581,0.96617,0,0.00999,0.03209,0,1.06055,0.00183,0,0.02275,0.02198,0,0.06606,0.01088,1.0448,0.30446,0.02921,0.00931,25.87594,0.00266,0.96809,0,0.0053,0.01978,0.03944,0.17872,0,0.85934,0,0.02163,0.06922,0.01431,0,0.10224,0,0.03773,0,0,0.00333,0,0.00871,0,0,0,0,0,0,0,0.01628,0,0.01789,1.29978,0,0.02069,0.22508,0.05175,0.0686,0,1.32152,0.06105,0.14304,0.09501,0,0.08743,0.01562,0.0011,0.29461,0.01811,0.12029,2.32087,0.23867,0.51792,0,0,0,0,0.79898,0,0,0,0.02179,0,0.15357,0,0.08096,0,0,0,0,0.85344,0.01193,0,0.02778,2.02618,0.01294,5.77876,0.10182,0.02652,0.00656,0.11137,0,5.08449,0.15386,0.07805,0.04648,0.15709,0.14906,0.03028,0,0,0.05774,0,0.1756,0,0.03489,0.07338,0.08635,0,0,0,0,0.03039,0.04894,2.32287,0.00375,0.01831,0.05821,0,0,0,0.17731,0.07132,0.49589,0.3422,0.09341,0.02146,0,0,0.0206,0.51642,0.00289,0.01272,0,0,0,0,0.01381,0,0,0.15759,0.08996,0,0.50158,0,0.80069,0.0872,0,0,0.03659,0,0.40314,0,0,0.07249,0,0.01057,0,0.35611,0,0.06351,0.25029,0,0.02576,0.0455,0,0,0.07464,0,0,0.26061,0.10149,0.00819,0.02551,0.01292,0,0,0,0,0,0,0,0,0,0,0,0,0,0,0,0,0,0,0,0,0,0,0,0,0,0,0,0,0,0,0,0,0,0,0,0,0,0,0,0,0,0,0,0,0,0,0,0,0,0,0,0,0,0,0
GC_core_4_S4,0.00641,0,0,0,0.01812,0.06656,0.11816,0,0.02527,0.03632,0.57597,0.16747,0.23001,0.12938,0.02064,0.00867,0,0.00861,0.01547,0,0.00139,0,0.29146,0,0,0.11205,0.01541,0.09686,0,0.1492,0.02606,0.00509,0.21465,0,0,0.13442,0.06632,0.17348,4.1203,0.27992,0.06853,0,0.12138,0.03279,0,0.71743,0,0.4192,0,0.06384,0,0,0.07534,0,0,0,0,0.02704,0,0.0032,1.30324,0,0,0.78918,0.02573,0,0.01266,0.01099,0,0,0.23534,0.96231,1.70307,0.02652,0.04021,0.01956,0.14603,1.18091,1.51086,0.09123,0,0.0425,0.03478,0.01138,0,0.03132,0.00768,0.05282,0,0,0.62977,0.40593,0.02933,0,0.02877,0,0,0.25825,0.11005,0,0.05116,0,0.10286,0.00594,0,0.04085,0,0,0,0,0,0.02098,0.06393,0,0,0.18512,0.01745,0,0,0,0,0,0,0,0.13013,0.28482,0.03265,0,0,0,0,0,0,0.09254,0,0.10156,0,0.23031,0.08127,0.00561,0.06528,1.65997,0.0454,0.35162,0.05494,0.01491,0.023,0,1.5635,0,0.46933,0.06532,0,0.00635,0.07543,0,0,0,0,0.06346,0,0,0.36529,0,0,0,0.00219,0,0.10805,0,0.34082,0,0,0,0,0.14381,0.10279,0,0,0.02123,0.0498,0,0,0.03711,0,0,0,0.10526,0,0,0.07382,0.00683,0,0.01897,0.03678,0.04943,0,0,0,0,0,0,0,0,0,0.02019,0.12299,0.04171,0,0,0.00998,0,0,0,0,0,1.79125,0.9601,0,0.02345,0.03595,0.01396,1.20931,0.01007,0,0.00465,0.00639,0,0.05633,0,0.97944,0.35068,0.0202,0.00949,24.90738,0,7.6226,0.01684,0,0,0.01371,0,0,1.46866,0,0.00192,0.04716,0.07001,0,0.17102,0,0.05522,0.00133,0.01824,0.0055,0,0.0275,0.07034,0,0.02045,0.00611,0.00326,0.00775,0,0.01074,0,0.0111,2.21466,0,0.02804,0.58803,0,0.02632,0,0.83249,0.0552,0.18208,0.08027,0.03694,0.17741,0.01591,0,0.22984,0.01116,0.17046,2.3403,0.16528,0.3277,0,0.02199,0,0.25687,0.99464,0,0,0.05276,0,0.00602,0.13088,0,0,0.05148,0.04008,0,0,0.93524,0.01861,0.01666,0.029,1.19228,0.04741,10.39893,0.01373,0.01743,0,0.31934,0.0228,3.03648,0.29248,0,0.08499,0.09092,0.08344,0,0.10342,0,0.10043,0.04172,0.10906,0.04658,0,0.1609,0.07711,0,0,0,0.07492,0,0.06087,1.18075,0,0,0.08844,0,0,0,0.12561,0.01687,0.23295,0.2194,0.05436,0.02403,0.04225,0,0,0.67155,0.01133,0,0.02446,0,0,0,0,0,0.07063,0.12456,0.18573,0,0.38885,0,1.31316,0,0,0,0.1134,0.01672,0.24064,0.46324,0,0,0.01938,0.0146,0.10946,0.48672,0.00893,0,0.558,0,0.00095,0.02139,0.39022,0,0.20221,0.08059,0,0.12741,0,0.01357,0.00648,0.00601,0,0,0,0,0,0,0,0,0,0,0,0,0,0,0,0,0,0,0,0,0,0,0,0,0,0,0,0,0,0,0,0,0,0,0,0,0,0,0,0,0,0,0,0,0,0,0,0,0,0,0,0,0,0,0
GC_core_3_S3,0.00182,0,0.00542,0,0.02325,0,0.1576,0,0,0.00975,0.44759,0.18828,0.14712,0.04706,0.02126,0,0,0,0,0,0,0,0.4559,0,0.01744,0.23955,0,0.0173,0,0.1431,0.02044,0,0.16621,0,0,0.06935,0,0.29062,3.75871,0.2477,0.05303,0,0,0.01922,0,0.61988,0,0.26358,0,0,0,0,0.10118,0,0.01555,0,0,0.03148,0,0.00499,1.10947,0,0,0.9885,0.06242,0,0.0159,0.0093,0.00325,0.12679,0.31357,0.71802,1.65102,0.01697,0.02541,0.0064,0.09323,0.9279,1.51476,0.12706,0,0.06052,0,0,0.00988,0,0.04894,0,0,0,1.20456,0.57881,0.04932,0,0.02291,0,0,0.21764,0.15852,0,0.02607,0,0.06901,0,0.02507,0,0.771,0,0.10634,0,0,0.06438,0,0,0,0,0,0,0,0,0,0,0,0,0.23983,0.21371,0,0,0,0,0,0.04622,0.0186,0.18103,0,0.31695,0,0.14184,0.0836,0,0.03189,1.47557,0.02168,0.33686,0.01618,0.01149,0.03959,0,1.40498,0.01607,0.45966,0.05858,0,0,0.03756,0.06411,0,0,0,0.0425,0,0,0.29187,0,0,0.07716,0.01811,0,0.1858,0,0.58676,0.01322,0,0.04731,0,0.18867,0.30196,0,0,0.01084,0.00275,0,0,0,0,0,0,0,0,0,0.03628,0,0,0,0.01146,0,0.1288,0.06052,0.15566,0,0,0,0,0.23317,0,0,0.14671,0.05072,0,0.12361,0.02081,0.10911,0,0,0,0,2.26381,1.38752,0,0.00167,0.03912,0.00951,1.04677,0.02486,0,0,0.01655,0,0.14872,0,1.00675,0.35396,0.00579,0.00133,25.28565,0.00921,0,0.01471,0,0,0.01169,0,0,1.5546,0,0,0.0204,0,0,0.1817,0.02409,0.06367,0,0.0277,0.00993,0.00138,0.02627,0.0441,0.15688,0.06363,0.00178,0.00544,0,0,0.03936,0,0,3.29774,0,0,0.81887,0,0.01387,0.29551,0.95933,0.14772,0,0,0,0.14918,0.02837,0,0.21311,0.00389,0.26656,4.6086,0.26833,0.84919,0,0,0,0.20315,0.93424,0,0,0.21427,0,0,0,0.19621,0,0,0.07441,0,0,1.28195,0,0.01327,0,1.81764,0.04494,8.29367,0.00449,0,0,0.25906,0.00993,2.82609,0.13832,0,0,0.17683,0,0,0.32385,0,0.23806,0,0.27102,0.10047,0,0.28982,0.08067,0.21216,0,0,0.02971,0,0.07461,1.23232,0,0,0.11708,0,0,0,0.05812,0,0.26768,0.36574,0.01171,0,0,0,0,0.44233,0,0,0,0,0,0,0,0,0,0.3018,0.34329,0,0.74645,0.29491,1.97209,0.14782,0.12895,0.0356,0.16627,0.02102,0.29579,0.51959,0,0,0,0,0,0.66429,0,0,0.44249,0,0,0,0.34459,0,0.21679,0,0,0.15512,0,0.02668,0.03661,0,0,0,0,0,0,0,0,0,0,0,0,0,0,0,0,0,0,0,0,0,0,0,0,0,0,0,0,0,0,0,0,0,0,0,0,0,0,0,0,0,0,0,0,0,0,0,0,0,0,0,0,0,0,0,0
GC_core_2_S2,0.02985,0,0.01306,0,0,0,0.23873,0,0.0254,0,0.44895,0.20302,0.17733,0.12637,0.02397,0,0,0,0,0,0,0,0.43359,0.09797,0.03901,0.17882,0.0443,0.03667,0,0.06399,0.00945,0,0.28265,0,0,0.72529,0,0.34384,2.61303,0.13149,0.01653,0,0.07625,0,0,0.44231,0,0.10625,0,0,0,0,0.02904,0,0.06953,0,0,0.06359,0,0.0181,0,0,0,0.82534,0.06805,0.04301,0.03417,0,0,0,0.12845,0.74454,1.78055,0,0.02467,0.02799,0.05292,0.49369,1.45361,0.15944,0.00443,0.10538,0,0.00831,0,0,0.02206,0,0,0,1.45635,0.90754,0.07666,0.00318,0.10851,0,0,0.27987,0.19488,0,0.06697,0,0.06709,0,0,0,0.46306,0,0,0.04765,0.0342,0,0,0,0,0.25266,0,0,0,0,0.09294,0.04708,0,0.17953,0.18543,0.4998,0,0,0,0.11913,0,0.05168,0,0,0,0,0,0.2684,0.02156,0,0.02079,1.26509,0.02242,0.29115,0.01234,0,0,0,1.51321,0,0.6164,0.02914,0,0,0.02931,0,0,0,0,0.02958,0,0,0.22429,0,0,0.0382,0.00854,0,0.22162,0,0.55081,0,0.05784,0.10572,0,0.24495,0.1031,0,0,0.00534,0,0,0,0,0,0.05168,0.06424,0,0,0,0.00248,0,0.01992,0,0.01389,0.08727,0.0288,0,0.15839,0.14992,0,0.19406,0.37616,0,0.05534,0,0.14767,0.036,0,0.10514,0,0,0,0,0,0,1.05527,0.76234,0.00388,0.00736,0.05829,0.01432,1.45041,0.02652,0,0,0.03289,0,0.17772,0,0.90636,0.28827,0,0.00145,23.43561,0,3.39534,0.0339,0,0.00327,0.06837,0.17125,0,1.55649,0,0,0.01959,0,0,0.59775,0,0.14569,0.04927,0.05997,0.01567,0.02221,0.06822,0,0,0.1785,0.06044,0.03383,0.04256,0,0.02667,0,0.01152,5.16741,0,0.04532,0.97795,0.22131,0.00936,0,1.04803,0,0.05025,0,0,0.16191,0,0.00212,0.14684,0,0.34961,4.66615,0.42093,0.61375,0,0,0.03804,0.46669,1.22344,0.00251,0,0,0,0,0,0,0,0,0.05935,0,0,1.62355,0.01236,0.02661,0,2.63675,0.03157,5.59368,0.00689,0,0,0.15979,0,2.34564,0.24352,0,0,0.3731,0,0,0,0,0.19259,0,0.20951,0.03076,0,0.20815,0.05005,0.06139,0,0,0,0,0.12299,1.19419,0,0,0.10628,0,0.00754,0.07257,0.07292,0,0.21785,0.0295,0.00451,0,0,0.11756,0,0.30896,0,0,0,0,0,0,0,0,0,0.36818,0.23475,0.22193,0.71454,0.34252,2.11909,0.01736,0.21564,0,0.15241,0.07057,0.57723,0.53918,0,0,0.03201,0,0,1.19148,0.00386,0,0.64379,0.0137,0,0.01867,0,0,0.35371,0,0,0.23237,0,0.0341,0,0,0,0,0,0,0,0,0,0,0,0,0,0,0,0,0,0,0,0,0,0,0,0,0,0,0,0,0,0,0,0,0,0,0,0,0,0,0,0,0,0,0,0,0,0,0,0,0,0,0,0,0,0,0,0,0
GC_core_1_S1,0,0,0,0.39489,0,0.13425,0.21672,0.0191,0.01784,0.08056,0.48762,0.14944,0.1267,0.07865,0.00112,0,0,0,0.01577,0,0,0,0.55201,0,0.04755,0.67524,0.0102,0,0,0.15602,0,0,0.22172,0,0,0.07353,0,0.34812,2.54154,0.10405,0.00807,0,0,0,0,0.44188,0,0.11955,0,0,0,0,0.01869,0,0,0,0,0.06967,0,0.00264,1.00695,0,0,0.95275,0.1304,0,0,0,0,0,0.06116,0.46554,1.70438,0.00284,0.03403,0.04114,0.04223,0.23852,1.35173,0.12782,0,0.37267,0,0.03488,0,0,1.29306,0,0,0.91473,1.35536,1.08718,0.05154,0.00292,0.04631,0,0,0.22941,0.13288,0,0.06831,0,0.089,0,0,0.04028,0,0,0,0.02904,0,0,0,0,0,0,0,0,0,0,0,0,0,0,0.31696,0.25912,0,0,0.06512,0,0,0,0.0733,0.10603,0,0,0,0.1007,0,0,0,1.00254,0.01526,0.11999,0,0,0.04644,0,1.3956,0,0.64626,0,0,0,0,0,0,0,0,0.01123,0,0,0.16531,0,0.08838,0,0.0159,0,0.22744,0,0.52301,0,0,0,0,0.2406,0.10917,0,0,0,0,0,0,0,0,0,0,0,0,0,0,0,0,0,0,0,0,0,0.19474,0,0,0,0,0,0,0,0,0.07724,0,0,0,0.28998,0,0,0,0,1.13726,0.91386,0,0,0.04045,0.01794,1.16755,0.03052,0,0,0.04937,0,0.20717,0,1.061,0.26567,0,0,28.33437,0,0,0,0,0,0.02307,0.07906,0,2.18726,0,0,0,0,0,0.64047,0.01762,0.05914,0.00889,0.06513,0.00965,0.02336,0.06313,0,0,0.06532,0.00517,0.01999,0.04588,0,0.05204,0,0,5.16798,0,0,1.02404,0,0.00222,0,1.08838,0.25349,0,0,0.03823,0.18269,0.00531,0.01881,0.06763,0,0.39221,3.16849,0.60023,0.64089,0,0,0,0.27588,1.14305,0,0,0.07424,0,0,0,0,0,0,0,0.04441,0,1.89611,0,0,0,3.11975,0.0209,3.77394,0,0,0,0.07472,0,1.80667,0.31861,0,0,0.19134,0,0,0.24493,0,0.27038,0,0.16248,0.08772,0,0.33025,0.09696,0.21612,0.20806,0,0,0,0.10353,0.81862,0,0,0.09389,0.01869,0.0109,0,0.02318,0,0.19267,0.02573,0,0,0,0,0,0.23368,0,0,0,0.37638,0,0,0,0,0,0.38138,0.61471,0.22378,1.11798,0,2.70899,0,0,0,0.18157,0.05359,0.34414,1.10345,0,0,0,0,0,1.26487,0.0061,0,0.80523,0,0,0,0,0,0.3738,0,0,0.16987,0,0.04531,0,0,0,0,0,0,0,0,0,0,0,0,0,0,0,0,0,0,0,0,0,0,0,0,0,0,0,0,0,0,0,0,0,0,0,0,0,0,0,0,0,0,0,0,0,0,0,0,0,0,0,0,0,0,0,0,0
Dec2014_GCSS14_03222016_S14,0,0,0,0,0,0,0,0,0,0,0,0,0,0,0,0,0,0,0,0,0,0,0.52276,0,0,1.05807,0,0,0.13788,0.78711,0,0,0,0,0,0,0,2.04639,0,0,0,0,0,0,0,0,0,0,0,0,0,0,0,0,0.80096,0,0,0,0,0,0,0,0,0.28604,3.1059,0,0,0,0,0,0,0,0.04804,0,0,0,0,0,0,0,0,0,0,0,0,0,0,0,0,0,44.68517,0,0,0.03643,0,0,0.86241,0,0,0,0,0,0,0,0,0,0,0,0,0,0,0,0,0,0,0,0,0,0,0,0,0,0,0,0,0,0,0,0,0,0,0,0,0,0,0,0,0,0,0,0,0,0,0,0,0,0,0,0,0,0,0,0,0,0,0,0,0,0,0,0,1.48167,0,0.18795,0,0,0,0,0,0,0,0,0,0,0,0,0,0,0,0,0,0,0,0,0,0,0,0,0,0,0,0,0,0,0,0,0,0,0,0,0,0,0,0,0,0,0,0,0,0,0,0,0,0,0,0,0,0,0,0,0,0,0,0,0.04269,0,0,0,0.35091,0,0,0,0,0,0.13115,0,0.53624,0,0,0,0,0.91252,0,0.3837,0,0,0,0,0,0,0,0,0,0,0,0,0,0,0,0,0,0,0.02663,0,0,0,0,0.66266,0,0,0,0,0,0,0,1.38763,0.76845,0.2718,0,1.10666,0,0,0,0,0,5.405,1.47751,1.25931,0,0,0,0,0,0,0,0,0,0,0,0,0,0,0,0,0,5.51827,0,0,0,1.8034,0,0,0,0,0,0,0,0,0,0,0,0,0,0,0,0,0,0,0,0,0,9.80775,0,0,0,0,0,0,0,0,0,0,0,0,0,0,0,0,0,0,0,0,0,0,0,0,0,0,0,0,0,0,0,0,0,1.88251,0,0,3.05034,1.8106,3.1695,0,0,0,0,0,0.24888,0.81257,0,0,0,0,0,0.12626,0,0,0,0,0,0,0,0,0,0,0,0,0,0,0,0,0,0,0,1.00027,0,0,0,0,0,0,0,0,0,0,0,0,0,0,0,0,0,0,0,0,0,0,0,0,0,0,0,0,0,0,0,0,0,0,0,0,0,0,0,0,0,0,0,0,0,0,0,0,0,0,0
Dec2014_GCSS13_03222016_S13,0,0,0,0,0,0,0,0,0,0,0,0,0,0,0,0,0,0,0,0,0,0,1.2387,0,0,0,0,0,0,0,0,0,0,0,0,0,0,1.50117,0,0,0,0,0,0,0,0,0,0,0,0,0,0,0,0,0.38629,0,0,0,0,0,0,0,0,0.45301,4.28515,0.47784,0,0,0,0,0,0,0,0,0,0,0,0,0,0,0,0.38253,0,0,0,0,0,1.04547,0,0,23.31512,0,0,0,0,0,0,0,0,0,0,0,0,0,0,0,0,0,0,0,0,0,0,0,0,0,0,0,0,0,0,0,0,0,0,0,0,0,0,0,0,0,0,0,0,0,0,0,0,0,0,0,0,0,0,0,0,0,0,0,0,0,0,0,0,0,0,0,0,0,0,0,0,0,0,0,0,0,0,0,0,0,0,0,0,0.49231,0,0,0,0,0,0,0,0,0,0,0,0,0,0,0,0,0,0,0,0,0,0,0,0,0,0,0,0,0,0,0,0,0,0,0,0,0,0,0,0,0,0.04732,0,0,0,0,0,0,0,0,0,0,0.84879,0,0,0,0,0,0.08084,0,1.23833,0,0,0,0,0,0,0,0,0,0,0,0,0.20055,0,0,0,0,0,0,0,0,0,0,0,0,0,0,0,0,0,2.05644,0,0,0,0,0,0,0,2.41553,0,1.1476,0,1.18954,0,0,0,0,0,8.94612,1.6097,2.20004,0,0,0,0,0,0,0,0,0,0,0,0,0,0,0,0,0,5.79505,0,0,0,2.81062,0,0,0,0,0,0,0,0,0,0,0,0,0,0,0,0,0,0,0,0,0,5.34816,0,0,0,0,0,0,0,0,0,0,0,0,0,0,0,0,0,0,0,0,0,0,0,0,0,0,0,0,0,0,0,0,0,1.64673,1.06926,0,3.60707,0,5.20096,0,0,0,0,0,0,16.22802,0,0,0,0,0,0.06305,0,0,0,0,0,0,0,0.98062,0,0,0,0,0,0,0,0,0,0,0,1.3453,0,0,0,0,0,0,0,0,0,0,0,0.34677,0,0,0,0,0,0,0,0,0,0,0,0,0,0,0,0,0,0,0,0,0,0,0,0,0,0,0,0,0,0,0,0,0,0,0,0,0,0,0
Dec2014_GCSS12_03222016_S12,0,0,0,0,0,0,0,0,0,0,0,0,0,0,0,0,0,0,0,0,0,0,0.96517,0,0.55085,0,0,0,0,0.45186,0,0,0,0,0,0,0,1.24163,0.57867,0,0,0,0,0,0,0.05462,0,0,0,0,0,0,0,0.1318,0,0,0,0,0,0,0.37958,0,0,1.74335,1.91241,0.15183,0,0,0,0,0,0,0.22485,0,0,0,0,0,0,0,0,0,0,0,0,0,0,0,0,0,34.05613,0,0,0,0,0,0.50902,0,0,0,0,0,0,0,0,0,0,0,0,0,0,0,0,0,0,0,0,0,0,0,0,0,0,0,0.07099,0,0,0,0,0,0,0,0,0,0,0,0,0,0,0,0,0,0,0,0,0,0,0,0,0,0,0,0,0,0,0,0,0,0,0,0,0,0,0.32369,0,0,0,0,0,0,0,0,0,0,0,0,0,0.04007,0,0,0,0,0,0,0,0,0,0,0,0,0,0,0,0,0,0,0,0,0,0,0,0,0,0,0,0,0,0,0,0,0,0,0.43469,0,0,0,0,0,0,0,0,0,0.10422,0,0,0,0,0,0.29975,0,0,0,0,0,0.28143,0,0,0,0,0,0,1.31159,0,0.64361,0,0,0,0,0,0.23152,0,0,0,0,0,0,0,0,0,0,0,0,0.06773,0,0,0,0,1.50608,0,0,0,0,0,0,0,1.88287,0.78408,0.53427,0,0.36865,0,0,0,0,1.44746,9.07544,1.9034,2.00994,0,0,0,0,0,0,0,0,0,0,0,0,0,0,0,0,0,5.8909,0,0,0,6.56042,0,0.17529,0,0,0,0,0,0,0,0,0,0,0,0,0,0,0,0,0,0,0,4.1216,0,0,0,0,0,0,0,0,0,0,0,0,0,0,0,0,0,0,0,0,0,0,0,0,0,0,0,0,0,0,0.17686,0,0,0.44971,1.01678,0,1.48397,0,6.26851,0,0,0,0,0,0.64447,3.39297,0,0,0,0,0,0.74151,0,0,0.30394,0,0,0,0,0,0,0,0.47398,0,0,0,0,0,0,0,0,1.60455,0,0,0,0,0,0,0,0,0,0,0,0,0,0,0,0.2072,0,0,0,0,0,0,0,0,0,0,0,0,0,0,0,0,0,0,0,0,0,0,0,0,0,0,0,0,0.21405,0,0,0,0,0,0
Dec2014_GCSS11_03222016_S11,0,0,0,0,0,0,0.02569,0,0,0,0,0,0,0,0,0,0,0,0,0,0,0,1.28887,0,0.16032,0,0.00844,0,0.35895,0.42018,0,0,0,0.31271,0,0,0,0.95268,0.47458,0,0,0,0,0,0,0.14659,0,0,0,0,0,0,0,0,0,0,0,0,0,0,0,0,0,1.71196,1.05027,0.35352,0,0,0,0,0,0,0.2696,0,0,0,0,0,0,0,0,0,0,0,0,0,0,0,0,0,37.97343,0,0.07157,0.00327,0.09549,0,0,0,0.01211,0,0,0,0,0,0,0,0,0,0,0.19585,0,0,0,0,0,0,0,0,0,0,0,0,0,0,0.86505,0.64717,0,0,0,0,0,0,0,0,0,0,0,0,0,0,0,0,0,0,0,0,0.04207,0,0.00595,0,0.19436,0,0,0,0,0,0,0,0,0,0,0,0,0.18841,0,0,0,0,0,0,0,0,0,0,0,0,0,0.22671,0.49927,0,0,0,0,0,0,0,0,0,0,0,0,0,0,0,0,0,0.11837,0,0,0,0.28849,0,0,0,0.11373,0,0,0,0,0,0,0,0,0,0,0,0.15067,0.17564,0,0,0,0,0.09605,0,0.03221,0,0.03818,0.02787,0.16185,0,0,0.05902,0,0,0.13675,0,0,0,0,0,0,0.97813,0.57301,0.94437,0,0,0,0,0,0.1063,0,0,0,0,0.04405,0,0.00413,0,0,0,0,0,0.08041,0,0,0,0,1.7142,0,0,0.21001,0,0,0,0.04236,0.85113,0.36169,0,0,0.57362,0,0,0,0,0.97217,6.57236,1.05804,1.6243,0.0599,0,0,0,3.05571,0,0,0,0,0,0,0,0,0,0,0,0,4.70737,0,0,0.59835,1.70878,0,0.16052,0,0,0,0,0,0.05772,0,0,0,0.76457,0,0,0,0,0.14345,0,0,0,0,2.78721,0,0,0,0,0,0,0.25503,0,0,0,0,0,0,0,0,0,0,0,0,0,0,0,0,0,0,0,0,0,0.11485,0,0.05147,0,0,0.74423,0.23864,0.24538,2.01791,1.21415,6.90016,0,0,0,1.08024,0,0.25427,2.06753,0,0,0,0,0,1.93437,0.00939,0,0.16087,0,0,0,0,0.23192,0.05182,0,0,0.4248,0,0.09416,0,0,0,0,0,1.09779,0,0,0,0,0,0,0,0,0,0,0,0,0,0,0,0,0,0,0,0,0,0,0,0,0,0,0,0,0,0,0.10329,0,0,0,0,0,0,0,0,0,0,0,0,0,0,0,0,0,0,0,0
Dec2014_GCSS10_03222016_S10,0,0,0,0,0,0,0,0,0,0,0,0,0,0,0,0,0,0,0,0,0,0.59304,0,0,0,0.67958,0,0,0,0.2858,0,0,0,0,0,0,0,1.94161,0,0,0,0,0,0,0,0,0,0,0,0,0,0,0,0,0,0,0,0,0,0,0,0,0,0.38708,2.54581,0.19207,0,0,0,0,0,0,0,0,0,0,0,0,0,0,0,0,0,0,0,0,0,0,0,0,10.91007,0,0,0,0,0,0,0,0,0,0,0,0,0,0,0,0,0,0,0,0,0,0,0,0,0,0,0,0,0,0,0,0,0,0,0,0,0,0,0,0,0,0,0,0,0,0,0,0,0,0,0,0,0,0,0,0,0,0,0,0,0,0,0,0,0,0,0,0,0,0,0,0,0,0,0,0,0,0,0,0.28835,0,0,0,0,0.54612,0,0,0,0,0,0,0,0,0,0,0,0,0,0,0,0,0,0,0,0,0,0,0,0,0,0,0,0,0,0,0,0,0,0,0,0,0,0,0,0,0,0,0,0,0,0,0,0,0,0,0,0,0.10382,0,0,0,0,0,0,0,0,0,0,0,0,0,1.37026,0.05256,0,0,0,0,0,0.11737,0,0,0,0,0,0,0,0,0,0,0,0,0.05875,0,0,0,0,0.96911,0,0,0,0,0,0,0,1.15531,1.83881,1.05007,0,1.67761,0,0,0,0,0.84673,9.21942,3.21898,3.21385,0,0,0,0,6.33863,0,0,0.76719,0,0,0,0,0,0,0,0,0,7.53569,0,0,0,2.48384,0,0,0,0,0,0,0,0,0,0,0,0,0,0,0,0,0,0,0,0,0,3.55806,0,0,0,0,0,0,0,0,0,0,0,0,0,0,0,0,0,0,0,0,0,0,0,0,0,0,0,0,0,0,0.11186,0,0,1.65026,2.07535,1.6214,4.78118,0,8.5392,0,0,0,0,0,0.21709,13.9095,0,0,0,0,0,0,0,0,0,0,0,0,0,0,0,0,0,1.33005,0,0,0,0,0.08972,0,0,1.05247,0,0,0,0,0,0,0,0,0,0,0,0,0,0,0,0,0,0,0,0,0,0,0,0,0,0,0,0,0.66366,0,0,0,0,0,0,0,0,0,0,0,0,0,0,0,0,0.01269,0,0,0,0,0
Dec2014_GCSS09_03222016_S9,0,0,0,0,0,0,0,0,0,0,0,0,0,0,0,0,0,0,0,0,0,0.31539,0.61851,0,0.37058,1.92847,0,0,0.2309,1.51995,0,0,0,0,0,0,0,1.7601,0,0,0,0,0,0,0,0,0,0,0,0,0,0,0,0,0.49545,0,0,0,0,0,0,0,0.55164,0.28185,1.45145,0.20429,0,0,0,0,0,0,0,0,0,0,0,0,0,0,0,0,0,0,0,0,0,0,0,0,33.47431,0,0,0.07032,0,0,1.02365,0,0,0,0,0,0,0,0,0,0,0,0,0,0,0,0,0,0,0,0,0,0,0,0,0,0,0,0,0,0,0,0,0,0,0,0,0,0,0,0,0,0,0,0,0,0,0,0,0,0,0,0,0,0,0,0,0,0,0,0,0,0,0,0,1.15496,0,0.87106,0,0,0,0,0,0,0,0,0,0,0,0.71578,0,0,0,0,0,0,0,0,0,0,0,0,0,0,0,0,0,0,0,0,0,0,0,0,0,0,0,0,0,0,0,0,0,0,0,0,0,0,0,0,0,0,0,0,0,0,0,0,0,0,0,0,0.06406,0,0,0,0,0,0.06581,0,0,0,0,0,0,1.35425,0,0.0938,0,0,0,0,0,0.12703,0,0,0,0,0,0,0,0,0,0,0,0,0,0,0,0,0,1.42328,0,0,0,0,0,1.07618,0,1.45446,0.47622,0.60478,0,1.65863,0,0,0,0,1.14357,10.25072,1.06842,2.10559,0,0,0,0,0,0,0,0,0,0,0,0,0,0,0,0,0,3.9942,0,0,0,5.23904,0,0,0,0,0,0,0,0,0,0,0,0,0,0,0,0,0,0,0,0,0,5.92132,0,0,0,0,0.27933,0,0,0,0,0,0,0,0,0,0,0,0,0,0,0,0,0,0,0,0,0,0,0,0,0,0,0,0,1.37451,0,0,2.75245,0,2.8167,0,0,0,0,0,0.27477,4.70692,0,0,0,0,0,0.20484,0,0,0,0,0,0,0,0,1.03461,0,0,0,0,0,0,0,0,0,0,0.99868,0,0,0,0,0,0,0,0,0,0,0,0,0,0,0,0,0,0,0,0,0,0,0,0,0,0,0,0,0.39714,0,0,0,0,0,0,0,0,0,0,0,0,0,0,0,0,0,0,0,0,0,0
Dec2014_GCSS08_03222016_S8,0,0,0,0,0,0,0,0,0,0,0,0,0,0,0,0,0,0,0,0,0,0,1.10836,0,0,0,0,0,0,0.31117,0,0,0,0,0,0,0,2.04666,0.27118,0,0,0,0,0,0,0,0,0,0,0,0,0,0,0,0.6762,0,0,0,0,0,0,0,0,0.86186,1.97119,0.83646,0,0,0,0,0,0,0.03004,0,0,0,0,0,0,0,0,0,0,0,0,0,0,0,0,0,14.92412,0,0,0,0,0,0.1309,0,0,0,0,0,0,0,0,0.3213,0,0,0,0.2317,0,0,0,0,0,0,0,0,0,0,0,0,0,0,0,0,0,0,0,0,0,0,0,0,0,0,0,0,0,0,0,0,0,0,0,0,0,0,0,0,0,0,0,0,0,0,0,0,0,0,0,0,0,0,0,0,0,0,0,0,1.00101,0,0,0,0,0,0,0,0,0,0,0,0,0,0,0,0,0,0,0,0,0,0,0,0,0,0,0,0,0,0,0,0,0,0,0,0,0,0,0,0,0,0,0,0,0,0,0.08495,0,0,0,0,0.26163,0,0,0,0,0,0.31609,0,0,0,0,0,0.05321,0,0.90321,0,0,0,0,2.58524,0,0.09144,0,0,0,0,0,0.13278,0,0,0,0,0,0,0,0,0,0,0,0,0.09948,0,0,0,0,2.12327,0,0,0,0,0,0,0.00906,1.87446,0.49253,1.0882,0,1.12197,0,0,0,0,0,10.58764,1.62574,3.48513,0,0,0,0,0,0,0,0,0,0,0,0,0,0,0,0,0,5.78597,0,0,0,7.45782,0,0.12054,0,0,0,0,0,0,0,0,0,1.29531,0,0,0,0,0.64709,0,0,0,0,1.67705,0,0,0,0,0,0,0,0,0,0,0,0,0,0,0,0,0,0,0,0,0,0,0,0,0,0,0,0,0,0,0,1.24467,0,1.52945,0,0,3.34136,0,6.33455,0,0,0,0,0,1.02518,13.05988,0,0,0,0,0,0.08404,0,0,0,0,0,0,0,0,0.71627,0,1.18728,0,0,0,0,0,0.51511,0,0,1.291,0,0,0.79215,0,0,0,0,0,0,0,0,0,0,0,0,0,0,0,0,0,0,0,0,0,0,0,0,0,0,0,0,0,0,0,0,0,0,0,0,0,0,0,0,0,0,0.18287,0.05428,0,0,0,0
Dec2014_GCSS07_03222016_S7,0,0,0,0,0,0,0.22729,0,0,0,0,0,0,0,0,0,0,0,0,0.19931,0,0,1.58195,0,0,0.71329,0,0,0.12983,0.49412,0,0,0,0,0,0,0,0,1.06153,0,0,0,0,0,0,0.07854,0,0,0,0,0,0,0,0,0,0,0,0.28435,0,0,1.22544,0,0,3.99714,0.21686,0.16603,0,0,0,0,0,0,0.4606,0,0,0,0,0,0,0,0,0,0,0,0,0,0,0.9104,0,0,15.11398,0,0.23539,0.34534,0,0,2.09553,0,0,0,0,0,0,0,0,0,0,0,0,0,0,0,0,0,0,0,0,0,0,0,0,0,0,0,0.45902,0,0,0,0,0,0,0,0,0,0.47495,0.71373,0,0,0,0,0,0,0,0,0,0,0,0,0.13012,0,0.16072,0,0,0,0,0,0,0,0,0,0,0,0,0.17698,0,0,0,0,0,0,1.74365,0,0,0,0,0.9747,0.69327,0.06786,0,0,0,0,0,0,0,0,0,0,0,0,0,0,0,0,0,0,0,0,0,0,0,0,0,0,0.4273,0,0,0.15327,0,0,0,0,0,0,0,0,0.84954,0.60802,0,0,0,0,0.23207,0.02645,0.11468,0,0,0,0.28829,0,0,0.0242,0,0,1.39471,0,0,0,0,0,0,0,0,0.81913,0,0,0,0,0,0.7539,0.26364,0,0.00785,0,0.0227,0,0.13412,0,0,0.07187,0,0,0.20101,0,0,0,0,5.61229,0,0.09557,0.13598,0.48256,0,0,0.27325,0,0,0,0.12109,0,0,0,0,0,1.16531,7.12241,0.86179,1.79026,0,0,0,0,0,0,0,0,0,0,0,0,0,0,0,0,0,2.52656,0,0,0,17.09372,0,0.38264,0,0,0,0,0,0.27349,0,0,0,1.79731,0,0,0,0.27555,0.99788,0,0,0,0,0.83159,0.52595,0,0,0,0,0,0.03746,0.07497,0,0,0,0,0,0,0,0,0,0,0,0,0,0,0,0,0,0,0,0,0,0,0,0,0,0.93589,0,0,2.46326,0,2.34477,1.11001,0,0,0.13692,0,0.62306,0.77948,0,0,0,0,0,0.87917,0,0,3.19596,0,0,0,0,0,0.6075,0,0,0.93181,0,0.0821,0,0,0,0,0,1.56568,0,0,0,0,0,0,0,0,0.04006,0,0,0,0,0,0,0.22658,0,0,0,0,0,0,0,0,0,0,0.07544,0,0,0,0,0,0,0,0,0,0,0,0,0,0,0,0,0,0,0,0,0,0,0,0
Dec2014_GCSS06_03222016_S6,0,0,0,0,0,0,0,0,0,0,0,0,0,0,0,0,0,0,0,0,0,0.21216,0.89643,0,0.49857,0.50165,0,0,0.74521,0.81795,0,0,0,0,0,0,0,1.06155,0.04764,0,0,0,0,0,0,0,0,0,0,0,0,0,0,0,0.53508,0,0,0,0,0,0,0,0,0.85359,1.26291,0.82454,0,0,0,0,0,0,0.13298,0,0,0,0,0,0,0,0,0,0,0,0,0,0,0,0,0,52.64072,0,0.05798,0.18385,0,0.02721,3.44377,0,0,0,0,0,0,0,0,0,0,0,0,0,0,0,0,0,0,0,0,0,0,0,0,0,0,0,0,0,0,0,0,0,0,0,0,0,0,0,0,0,0,0,0,0,0,0,0,0,0,0,0,0,0,0,0,0,0,0,0,0,0,0,0,0.6015,0,1.61133,0,0,0,0,0,0,0,0,0,0,0,0,0,0,0,0,0,0,0,0,0,0,0,0,0,0,0,0,0,0,0,0,0,0,0,0,0,0,0,0,0.53051,0,0,0,0,0,0,0,0,0,0,0,0,0,0,0,0,0,0,0,0,0,0,0,0.1324,0.07027,0,0,0,0,0.40561,0,0,0,0,0,0,0.97486,0,0.46365,0,0,0,0,0,0.17252,0,0,0,0,0,0,0,0,0,0,0,0,0,0,0,0,0,1.43453,0,0,0,0,0,0,0,1.37494,0.20086,0,0,0.68387,0,0,0,0,0,6.32033,0.51181,1.46724,0,0,0.29483,0,0,0,0,0,0,0,0,0,0,0,0,0,0,2.45647,0,0,0,3.26509,0,0.05927,0,0,0,0,0,0,0,0,0,0,0,0,0,0,0,0,0,0,0,3.96447,0,0,0,0,0,0,0,0,0,0,0,0,0,0,0,0,0,0,0,0,0,0,0,0,0,0,0,0,0,0,0,0,1.03002,0.9589,0,0,1.78659,0,1.8236,0,0,0,0,0,0.19484,0.59674,0,0,0,0,0,0.21571,0,0,0,0,0,0,0,0.47415,0,0,0,0,0,0,0,0,0,0,0,0.83091,0,0,0,0,0,0,0,0,0.02117,0,0,0,0,0,0,0,0,0,0,0,0,0,0.124,0,0,0,0,0,0,0,0,0,0,0,0,0.20321,0,0,0,0,0,0,0,0,0,0,0,0,0,0,0
Dec2014_GCSS05_03222016_S5,0,0,0,0,0,0,0,0,0,0,0,0,0,0,0,0,0,0,0,0,0,0,0,0,0.38303,0,0,0,0.22016,0.93695,0,0,0,0,0,0,0,0.84199,0.14109,0,0,0,0,0,0,0,0,0,0,0,0,0,0,0,0.2276,0,0,0,0,0,0,0,0,0.2497,1.99472,0.42231,0,0,0,0,0,0,0,0,0,0,0,0,0,0,0,0,0,0,0,0,0,0,0,0,49.20676,0,0.13013,0.26404,0,0,3.42378,0,0,0,0,0,0,0,0,0,0,0,0,0,0,0,0,0,0,0,0,0,0,0,0,0,0,0,0,0,0,0,0,0,0,0,0,0,0,0,0,0,0,0,0,0,0,0,0,0,0,0,0,0,0,0,0,0,0,0,0,0,0,0,0,0.49517,0,1.95067,0,0,0,0,0,0,0.44652,0,0,0,0,0,0,0,0,0,0,0,0,0,0,0,0,0,0,0,0,0,0,0,0,0,0,0,0,0,0,0,0,0,0,0,0,0,0,0,0,0,0,0,0,0,0,0,0,0,0,0,0,0,0.04479,0,0,0,0.13449,0,0,0,0,0,0,0,0.72961,0,0,0,0,0,0.43982,0.45885,0,0,0,0,0,0.11668,0,0,0,0,0,0,0,0,0,0,0,0,0,0,0,0,0,1.4899,0,0,0,0,0,0,0,1.44505,0.35607,0.75675,0,0.98478,0,0,0,0,0,8.41435,2.89845,1.76786,0,0,0,0,0,0,0,0,0,0,0,0,0,0,0,0,0,5.06314,0,0,0,1.18255,0,0,0,0,0,0,0,0,0,0,0,0,0,0,0,0,0,0,0,0,0,1.69286,0,0,0,0,0,0,0,0,0,0,0,0,0,0,0,0,0,0,0,0,0,0,0,0,0,0,0,0,0,0,0.24166,0,0,1.13575,0,0,4.05489,0.44592,2.46803,0,0,0,0,0,0.19869,0.22179,0,0,0,0,0,0.35592,0,0,0,0,0,0,0,0,0,0,0,0,0,0,0,0,0,0,0,1.16765,0,0,0,0,0,0,0,0,0.03324,0,0,0,0,0,0,0.19875,0,0,0,0,0,0,0,0,0,0,0,0,0,0,0,0,0,0,0,0,0,0,0,0,0,0,0,0,0,0,0,0.16711,0,0,0
Dec2014_GCSS04_03222016_S4,0,0,0,0,0,0,0,0,0,0,0,0,0,0,0,0,0,0,0,0,0,0,0.89247,0,0.32379,0,0,0,0.13958,2.12483,0,0,0,0,0,0,0,1.58019,0.17379,0,0,0,0,0,0,0,0,0,0,0,0,0,0,0.15495,0.43289,0,0,0,0,0,0,0,0,0.26488,5.14218,0.17849,0,0,0,0,0,0,0,0,0,0,0,0,0,0,0,0,0,0,0,0,0,0.69513,0,0,39.64623,0,0.21401,0.02482,0,0,0.4057,0,0,0,0,0,0,0,0,0,0,0,0,0,0,0,0,0,0,0,0,0,0,0,0,0,0,0,0,0,0,0,0,0,0,0,0,0,0,0,0,0,0,0,0,0,0,0,0,0,0,0,0,0,0,0,0,0,0,0,0,0,0,0,0,1.08091,0,0.19026,0,0,0,0,0,0,0,0,0,0,0,0,0,0,0,0,0,0,0,0,0,0,0,0,0,0,0,0,0,0,0,0,0,0,0,0,0,0,0,0,0,0,0,0,0,0,0,0,0,0,0,0,0,0,0,0,0,0,0,0,0.04962,0,0,0,0.58518,0,0,0,0,0,0,0,0.61676,0,0,0,0,0,0,0.3384,0,0,0,0,0,0.04551,0,0,0,0,0,0,0,0,0,0,0,0,0,0,0,0,0,1.4904,0,0,0,0,0,0,0,1.22569,1.57182,0,0,1.73579,0,0,0,0,0,6.51024,1.57549,1.08232,0,0,0,0,0,0,0,0,0,0,0,0,0,0,0,0,0,5.55466,0,0,0,3.87035,0,0,0,0,0,0,0,0,0,0,0,0,0,0,0,0,0,0,0,0,0,4.41321,0,0,0,0,0,0,0,0,0,0,0,0,0,0,0,0,0,0,0,0,0,0,0,0,0,0,0,0,0,0,0,0,0,1.46127,1.95466,0,3.42186,0.7687,4.36166,0.52744,0,0,0,0,0.13209,0.34887,0,0,0,0,0,0,0,0,0,0,0,0,0,0.99821,0.38673,0,0,0,0,0,0,0,0,0,0,1.30799,0,0,0,0,0,0,0,0,0,0,0,0,0,0,0,0,0,0,0,0,0,0,0,0,0,0,0,0,0,0,0,0,0,0,0,0,0,0,0,0,0,0,0,0,0,0,0,0,0,0,0
Dec2014_GCSS03_03222016_S3,0,0,0,0,0,0,0,0,0,0,0,0,0,0,0,0,0,0,0,0,0,0,0,0,0.41387,0,0,0,0.17841,1.0185,0,0,0,0,0,0,0,2.34655,0,0,0,0,0,0,0,0,0,0,0,0,0,0,0,0,0,0,0,0,0,0,0,0,0,0.33882,2.94456,0.91262,0,0,0,0,0,0,0,0,0,0,0,0,0,0,0,0,0,0,0,0,0,0,0,0,38.54741,0,0.27338,0.51328,0,0.19684,8.58853,0,0,0,0,0,0,0,0,0,0,0,0,0,0,0,0,0,0,0,0,0,0,0,0,0,0,0,0,0,0,0,0,0,0,0,0,0,0,0,0,0,0,0,0,0,0,0,0,0,0,0,0,0,0,0,0,0,0,0,0,0,0,0,0,2.47728,0,0.7296,0,0,0,0,0,0,0,0,0,0,0,0,0,0,0,0,0,0,0,0,0,0,0,0,0,0,0,0,0,0,0,0,0,0,0,0,0,0,0,0,0,0,0,0,0,0,0,0,0,0,0,0,0,0,0,0,0,0,0,0,0,0,0,0,0,0,0,0,0,0,0,0,1.18253,0,0,0,0,1.19655,0,0.58295,0,0,0,0,0,0.13985,0,0,0,0,0,0,0,0,0,0,0,0,0,0,0,0,0,1.7391,0,0,0,0,0,0,0,1.81594,0.40833,0,0.16639,0,0,0,0,0,0,6.40288,2.04235,3.16952,0,0,0,0,0,0,0,0,0,0,0,0,0,0,0,0,0,5.58337,0,0,0,1.90932,0,0,0,0,0,0,0,0,0,0,0,0,0,0,0,0,0,0,0,0,0,1.3606,0,0,0,0,0,0,0,0,0,0,0,0,0,0,0,0,0,0,0,0,0,0,0,0,0,0,0,0,0,0,0,0,0,2.2815,0,0,4.5815,1.71108,3.06556,0,0,0,0,0,0,0,0,0,0,0,0,0.02993,0,0,0,0,0,0,0,0,0,0,0,0.49039,0,0,0,0,0,0,0,0.57277,0,0,0,0,0,0,0,0,0.08797,0,0,0,0,0,0,0,0,0,0,0,0,0,0,0,0,0,0,0,0,0,0,0,0,0,0,0,0,0,0,0,0,0,0,0,0,0,0,0,0,0,0
Dec2014_GCSS02_03222016_S2,0,0,0,0,0,0,0,0,0,0,0,0,0,0,0,0,0,0,0,0,0,0.32628,2.05525,0,0,0,0,0,0.33053,1.25794,0,0,0,0,0,0,0,1.89802,0,0,0,0,0,0,0,0,0,0,0,0,0,0,0,0,0,0,0,0,0,0,0,0,0,0.96157,2.53148,0.42269,0,0,0,0,0,0,0,0,0,0,0,0,0,0,0,0,1.16129,0,0,0,0,0,0,0,24.7796,0,1.4733,1.04574,0.53692,0.08603,8.91659,0,0,0,0,0.03211,0,0,0,0,0,0,0,0,0,0,0,0,0,0,0,0,0,0,0,0,0,0,0.27045,0,0,0,0,0,0,0,0,0,0,0,0,0,0,0,0,0,0,0,0,0,0,0,0,0,0,0,0,0,0,0,0,0,0,0,0,3.92038,0,0.90113,0,0,0,0,0,0,0,0,0,0,0,0,0,0,0,0,0,0,0,0,0,0,0,0,0,0,0,0,0,0,0,0,0,0,0,0,0,0,0,0,0,0,0,0.23446,0,0,0,0,0,0,0,0,0,0,0,0,0,0,0,0,0,0,0,0,0,0,0,0,0,0,0,0,0,0,0,0,0,0,0.62191,0.41744,0,0,0,0,0,0,0,0,0,0,0,0,0,0,0,0,0,0,0,0,0,0,0,1.59918,0,0,0,0,0,0,0,2.30897,1.23357,0,0,0.93896,0,0,0,0,0,9.85212,2.75493,2.76737,0,0,0,0,0,0,0,0,0,0,0,0,0,0,0,0,0,6.72764,0,0,0,2.56349,0,0,0,0,0,0,0,0,0,0,0,0,0,0,0,0,0.34304,0,0,0,0,1.79838,0,0,0,0,0,0,0,0,0,0,0,0,0,0,0,0,0,0,0,0,0,0,0,0,0,0,0,0,0,0,0,0,0,1.66079,0,0,5.42885,0.97799,2.64597,0,0,0,0,0,0,0,0,0,0,0,0,0.17946,0,0,0,0,0,0,0,0,0,0,0,0,0,0,0,0,0,0,0,0.93921,0,0,0,0,0,0,0,0,0.13193,0,0,0,0,0,0,0,0,0,0,0,0,0,0,0,0,0,0,0,0,0,0,0,0,0,0,0,0,0,0,0.96705,0,0,0,0,0,0,0,0,0,0,0
Dec2014_GCSS01_03222016_S1,0,0,0,0,0,0,0,0,0,0,0,0,0,0,0,0,0,0,0,0,0,0,0.61123,0,0.0887,0,0,0,0.22942,1.01866,0,0,0,0,0,0,0,0.82734,0,0,0,0,0,0,0,0,0,0,0,0,0,0,0,0,0.3953,0,0,0,0,0,0,0,0,1.18784,0.68317,1.07576,0,0,0,0,0,0,0.01565,0,0,0,0,0,0,0,0,0,0,0,0,0,0,0,0,0,52.34663,0,0.56841,0.18391,0.90909,0.10907,1.70329,0,0,0,0,0,0,0,0,0,0,0,0,0,0,0,0,0,0,0,0,0,0,0,0,0,0.62864,0,0.27774,0,0,0,0,0,0,0,0,0,0,0,0,0,0,0,0,0,0,0,0,0,0,0,0,0,0,0,0,0,0,0,0,0,0,0,0,0.26712,0,0.72972,0,0,0,0,0,0,0,0,0,0,0,0.14663,0,0,0,0,0,0,0,0,0,0,0,0,0,0,0,0,0,0,0,0,0,0,0,0,0,0,0,0,0,0,0,0.02345,0,0,0,0,0,0,0,0,0,0,0,0,0,0,0,0.14605,0.11277,0,0,0,0,0,0,0,0,0,0.33994,0,0,0,0,0,0,1.11878,0,0.41925,0,0,0,0,0,0,0,0,0,0,0,0,0,0,0,0,0,0,0,0,0,0,0,0.21365,0,0,0.03822,0,0,0,0,1.20202,0.72458,0.63404,0.31172,0.76623,0,0,0,0,0.95193,4.47643,1.25842,2.06348,0.16495,0,0.43547,0,0,0,0,0,0,0,0,0,0,0,0,0,0,4.59737,0,0,0,2.81334,0,0,0,0,0,0,0,0,0,0,0,0,0,0,0,0,0,0,0,0,0,3.29981,0,0,0,0,0,0,0,0,0,0,0,0,0,0,0,0,0,0,0,0,0,0,0,0,0,0,0,0,0,0,0,0,0,1.34231,0.51137,0,2.76263,0.54052,1.45226,0.27674,0.35076,0,0.01101,0,0.04384,0.1788,0,0,0,0,0,0.14888,0,0,0,0,0,0,0,0,0.12145,0,0,0.30664,0,0,0,0,0,0,0,0.90578,0,0,0,0,0.06067,0,0,0,0.02772,0,0,0,0,0,0,0,0,0,0,0,0,0,0.12894,0,0,0,0,0,0,0,0,0,0,0,0,0,0,0,0,0,0,0,0,0,0,0,0,0,0.58136,0,0.13308
Apr2015_GCSS14_03222016_S28,0,0,0,0,0,0,0,0,0,0,0,0,0,0,0,0,0,0,0,0,0,0,0.71263,0,0.30895,0.87567,0,0,0.08879,0.84477,0,0,0,0,0,0,0,1.4386,0,0,0,0,0,0,0,0,0,0,0,0,0,0,0,0,0.09179,0,0,0,0,0,0,0,0,0.1343,1.29988,0.11354,0,0,0,0,0,0,0,0,0,0,0,0,0,0,0,0,0,0,0,0,0,0.62028,0,13.98353,48.28901,0,0.23564,0.12543,0.13209,0.02901,0.45739,0,0,0,0,0,0,0,0,0,0,0,0,0,0,0,0,0,0,0,0,0,0,0,0,0,0,0,0.05056,0,0,0,0,0,0,0,0,0,0,0,0,0,0,0,0,0,0,0,0,0,0,0,0,0,0,0,0,0,0,0,0,0,0,0,0,0.51636,0,0.24206,0,0,0,0,0,0,0.54654,0,0,0,0,0,0,0,0,0,0,0,0,0,0,0,0,0,0,0,0,0,0,0,0,0,0,0,0,0,0,0,0,0,0.14611,0,0,0,0,0,0,0,0,0,0,0,0,0,0,0,0,0,0,0,0,0,0,0,0.00376,0,0,0,0,0,0,0,0,0,0,0,0,0.6724,0,0,0,0,0,0,0,0,0,0,0,0,0,0,0,0,0,0,0,0,0,0,0,0,0,0.24699,0,0,0,0,0,0,0,1.23219,0.30533,0,1.5866,0.62371,0,0,0,0,0.52541,6.61404,0.73012,0.72796,0,0,0,0,0,0,0,0,0,0,0,0,0,0,0,0,0,2.2207,0,0,0,2.16724,0,0,0,0,0,0,0,0,0,0,0,0,0,0,0,0,0,0,0,0.3248,0,2.36853,0,0,0,0,0,0,0,0,0,0,0,0,0,0,0,0,0,0,0,0,0,0,0,0,0,0,0,0,0,0,0.06613,0,0,0.91765,0,0.36909,0.86429,0,2.3306,0,0,0,0.0923,0.05444,0.15169,0.39952,0,0,0,0,0,0.08133,0,0,0,0,0,0,0,0,0.06962,0,0,0,0,0,0,0,0,0.14756,0,0.81348,0,0,0,0.464,0.19933,0,0,0,0,0,0,0,0,0,0,0,0,0,0,0,0,0,0,0,0,0.09229,0,0,0,0,0,0.30108,0,0,0,0,0,0,0,0,0.95292,0,0,0,0,0,0,0,0,0,0
Apr2015_GCSS13_03222016_S27,0,0,0,0,0,0,0,0,0,0,0,0,0,0,0,0,0,0,0,0,0,0,0,0,0.23623,0,0,0,0.07359,2.13154,0,0,0,0,0,0.13605,0,0.95172,0.06955,0,0,0,0,0,0,0,0,0,0,0,0,0,0,0,0.21055,0,0,0,0,0,0,0,0,0.31077,1.49902,0.13022,0,0,0,0,0,0,0.09594,0,0,0,0,0,0,0,0,0,0,0,0,0,0,0,0,15.9892,46.56407,0,0.07551,0.06372,0,0,1.47801,0,0,0,0,0,0,0,0,0,0,0,0,0,0,0,0,0,0,0,0,0,0,0,0,0,0,0,0,0,0,0,0,0,0,0,0,0.16198,0,0,0,0,0,0,0,0,0,0,0,0,0,0,0,0,0,0,0,0,0,0,0,0,0,0,0,2.12111,0,0,0,0,0,0,0,0,0,0,0,0,0,0,0,0,0,0,0,0,0,0,0,0,0,0,0,0,0,0,0,0,0,0,0,0,0,0,0,0,0,0,0,0,0,0,0,0,0,0,0,0,0,0,0,0,0,0,0,0,0,0,0,0,0,0,0,0,0,0,0,0,0,0,0,0,0,0,0,0.84248,0,0,0,0,0,0,0,0,0,0,0,0,0,0,0,0,0,0,0,0,0,0,0,0,0,0.68433,0,0,0,0,0,0,0,0.91139,0.35625,0.18751,0,0.46076,0,0,0,0,0,4.4435,0.78599,1.2454,0,0,0,0,0,0,0,0.23027,0,0,0,0,0,0,0,0.22062,0,3.74089,0,0,0,4.41271,0,0,0,0,0,0,0,0,0,0,0,0,0,0,0,0,0,0,0,0,0,1.99766,0,0,0,0,0,0,0,0,0,0,0,0,0,0,0,0,0,0,0,0,0,0,0,0,0,0,0,0,0,0,0,0,0.34792,0.68682,0,0,2.37778,0,1.59857,0,0,0,0,0,0.25636,0.06474,0,0,0,0,0,0,0,0,0,0,0,0,0,0,0.0422,0,0,0,0,0,0,0,0,0,0,0.66104,0,0,0,0.17442,0.46213,0,0,0,0,0,0,0,0,0,0,0,0,0,0,0,0,0,0,0,0,0,0,0,0,0,0,0.32385,0,0,0,0,0,0,0,0,0,0,0,0,0,0,0,0,0,0,0.18563
Apr2015_GCSS12_03222016_S26,0,0,0,0,0,0,0,0,0,0,0,0,0,0,0,0,0,0,0,0,0,0,1.01369,0,0.23812,0,0,0,0.30795,0.78133,0,0,0,0,0,0,0,1.26243,0.11539,0,0,0,0,0,0,0,0,0,0,0,0,0,0,0,0.10612,0,0,0,0,0,0,0,0,0.9675,1.63542,0.52508,0,0,0,0,0,0,0.24085,0,0,0,0,0,0,0,0,0,0,0,0,0,0,0,0,0,43.68764,0,0,0,0,0,1.67325,0,0,0,0,0,0,0,0,0,0,0,0,0,0,0,0,0,0,0,0,0,0,0,0,0,0,0,0,0,0,0,0,0,0,0,0,0,0,0,0,0,0,0,0,0,0,0,0,0,0,0,0,0,0,0,0,0,0,0,0,0,0,0,0,0.21385,0,2.6586,0,0,0,0,0,0,0,0,0,0,0,0,0,0,0,0,0,0,0,0,0,0,0,0,0,0,0,0,0,0,0,0,0,0,0,0,0,0,0,0,0,0,0,0,0,0,0,0,0,0,0,0.01527,0,0,0,0,0,0,0,0,0,0,0,0,0.18715,0,0,0,0,0,0.0835,0,0.70169,0,0,0,0,0,0,0.24938,0,0,0,0,0,0.03176,0,0,0,0,0,0,0,0,0,0,0,0,0,0,0,0,0,1.2006,0,0,0,0,0,0,0,1.24909,0,0.76682,0,1.69743,0,0,0,0,0.53413,5.62439,0.73334,1.57606,0,0,0,0,0,0,0,0,0,0,0,0,0,0,0,0.19147,0,3.23309,0,0,0,8.13787,0,0,0,0,0,0,0,0,0,0,0,0,0,0,0,0,0,0,0,0,0,9.52009,0,0,0,0,0,0,0,0,0,0,0,0,0,0,0,0,0,0,0,0,0,0,0,0,0,0,0,0,0,0,0,0,0,0.67598,0,0,1.02307,0,1.88855,0,0,0,0,0,0.1177,2.7376,0,0,0,0,0,0.51146,0,0,0,0,0,0,0,0.40978,0,0,0,0,0,0,0,0,0,0,0,1.22258,0,0,0,0,0,0,0,0,0,0,0,0,0,0,0,0,0,0,0,0,0,0,0,0,0,0.07303,0,0,0,0,0,0,0,0,0,0,0,0,0,0,0,0.17991,0,0,0,0,0,0,0,0,0
Apr2015_GCSS11_03222016_S25,0,0,0,0,0,0,0,0,0,0,0,0,0,0,0,0,0,0,0,0,0,0,1.1343,0,0.13131,0.81973,0,0,0,0.21542,0,0,0,0,0,0,0,1.53132,0.26539,0,0,0,0,0,0,0,0,0,0,0,0,0,0,0,0,0,0,0,0,0,0,0,0,0.76317,2.54584,0.28954,0,0,0,0,0,0,0.26701,0,0,0,0,0,0,0,0,0.73005,0,0,0,0,0,0,0,0,34.79178,0,0,0,0,0,0,0,0,0,0,0,0,0,0,0,0,0,0,0,0,0,0,0,0,0,0,0,0,0,0,0,0,0,0.37693,0,0,0,0,0,0,0,0,0.18008,0,0.80486,0,0,0,0,0,0,0,0,0,0,0,0,0,0,0,0,0,0,0,0,0.16305,0,0,0,0,0,0,0.30864,0,0,0,0,0,0,0.59575,0,0,0,0,0.20757,0,0,0.04521,0,0,0,0,0,0,0,0,0,0,0,0,0,0,0,0,0,0,0,0,0,0,0,0,0,0,0,0,0,0,0,0,0,0,0,0,0,0.04277,0.13536,0,0,0,0,0.1355,0,0.2278,0,0,0.01192,0.16675,0,0,0,0,0,0.31259,0,0,0,0,0,0,1.18359,1.41769,0.78012,0,0,0,0,0,0.25542,0,0,0,0,0.05663,0,0.1729,0,0,0,0,0,0.06513,0,0,0,0,2.49208,0,0,0.40358,0,0,0,0,1.2214,0,0,0.21116,0.82724,0,0,0,0,0.62712,9.1355,1.76353,1.97183,0,0,0,0,0,0,0.56047,0,0,0,0,0,0,0,0,0,0,3.38896,0,0,0,1.8441,0,0,0,0,0,0,0,0,0,0,0,0,0,0,0,0,0,0,0,0,0,1.81136,0,0,0,0,0,0,0,0,0,0,0,0,0,0,0,0,0,0,0,0,0,0,0,0,0,0,0,0,0,0,0,0,0,0.73907,2.39907,0,3.48738,0,7.90015,0,0,0,0.10451,0,0.71254,5.03999,0.8563,0,0,0,0,0.41968,0,0,0.43772,0,0,0,0,0,0.04692,0,0,0,0,0,0,0,0,0,0,0.46725,0,0,0,0,0,0,0,0,0,0,0,0,0,0,0,0,0,0,0,0,0,0,0,0,0,0,0,0,0,0,0,0,0,0,0,0,0,0,0,0,0,0,0,0,0,0,0,0,0,0,0
Apr2015_GCSS10_03222016_S24,0,0,0,0,0,0,0,0,0,0,0,0,0,0,0,0,0,0,0,0,0,0,0.56521,0,0.40119,0.69039,0.04066,0,0,0.49365,0,0,0,0,0,0,0,1.03675,0.25607,0,0,0,0,0,0,0.0768,0,0,0,0,0,0,0,0,0.0894,0,0,0,0,0,0.85064,0,0,2.02114,0.39447,0.22117,0,0,0,0,0,0,0.10074,0,0,0,0,0,0,0,0,0,0,0,0,0,0,0,0.4082,0,45.98363,0,1.01708,0.44673,1.03587,0,0.53279,0,0,0,0,0.10537,0,0,0,0,0,0.36146,0,0,0,0,0,0,0,0,0,0,0,0,0,0,0,0,1.61043,0,0,0,0,0,0,0,0,0,0,0,0,0,0,0,0,0,0,0,0,0,0,0,0,0,0.0445,0,0,0,0,0,0.09313,0,0,0,0,0.0145,0,0.35363,0,0,0,0,0,0,0.49179,0,0,0,0,0.69631,0.63808,1.26641,0.708,0,0,0,0,0,0,0,0.35459,0,0,0,0,0,0,0,0,0,0,0,0,0,0,0,0,0,0,0,0,0,0,0,0,0,0,0,0.06249,0.2403,0.3754,0.36653,0,0,0,0,0.01474,0.0558,0.07016,0,0.01786,0,0.17475,0,0,0,0,0,0.33236,0,0,0,0,0,0,0.81679,0,0.94991,0.06041,0,0,0,0,0.11285,0,0.1337,0,0,0.0894,0,0.08521,0,0,0,0.07617,0.00473,0.03474,0.02132,0,0.05393,0.05576,2.4604,0.02397,0,0.61948,0,0,0,0,0.33098,0.19049,0,0,0.5411,0,0,0,0,0,5.41206,1.07432,1.19374,0,0,0,0,0,0,0,0,0,0,0,0,0,0,0,0,0,2.54851,0,0,0,1.91434,0,0.13293,0,0,0,0,0,0.00824,0.5657,0,0,0,0,0,0,0,0.53847,0,0.15817,0,0,3.97999,0,0,0,0,0,0,0.15563,0,0,0,0,0,0,0,0,0,0,0,0,0,0,0,0,0,0,0,0,0,0,0.00766,0,0,0,0,0,0,1.27418,0,2.48115,0,0,0,0.67447,0.33372,0.54597,1.5755,0,0,0,0,0,1.46888,0,0,0.26216,0,0,0,0,0,0,0,0.64758,0,0,0,0,0,0,0,0,0.78859,0,0,0.14828,0,0,0,0,0,0.08947,0.11852,0,0,0,0,0,0,0,0,0,0,0,0,0,0,0,0,0,0,0,0,0.12924,0,0,0,0,0,0,0,0,0,0,0,0,0,0,0,0,0,0,0,0
Apr2015_GCSS09_03222016_S23,0,0,0,0,0,0,0.03849,0,0,0,0,0,0,0,0,0,0,0,0,0.36948,0,0,0.95064,0,0.21565,0.55886,0,0,0.09296,0.53069,0,0,0,0,0,0,0,0.85014,0.39665,0,0,0,0,0,0,0.03786,0,0,0,0,0,0,0,0,0.19221,0,0,0,0,0,0,0,0,0.97481,2.13849,0,0,0,0,0,0,0,0.12218,0,0,0,0,0,0,0,0,0.37408,0,0,0,0,0,0.52736,0,0,41.20912,0,0.22902,0.26402,0,0,0.33475,0,0,0,0,0.01288,0,0,0,0,0,0,0,0,0,0,0,0,0,0,0,0,0,0,0,0,0,0,0.49401,0,0,0,0,0,0,0,0,0,0,0.16523,0,0,0,0,0,0,0,0,0,0,0,0,0,0,0,0,0,0,0,0,0,0,0,0,0,0.31015,0,1.26719,0,0,0,0.13246,0,0,0.65673,0,0,0,0,0,0,0.17611,0.48161,0,0,0,0.14196,0,0,0,0,0,0,0,0,0,0,0,0,0,0,0,0,0,0,0,0,0,0,0,0,0,0,0,0,0,0,0,0,0,0.00504,0.04644,0,0,0,0,0.05217,0.12329,0.16735,0,0,0,0.1206,0,0,0,0,0,0.82531,0,0,0,0,0,0,0,0,1.46715,0,0,0,0,0,0.16098,0,0,0,0.02051,0.04727,0,0.09474,0,0,0,0,0,0.16217,0.02121,0,0.07209,0,2.73738,0.01602,0,0.20462,0,0,0,0,1.26228,0.31312,0.54491,0,0.3334,0,0,0,0,0,6.0443,0.81171,1.41003,0,0,0,0,2.19853,0,0,0,0,0,0,0,0,0,0,0,0,2.84092,0,0,0,5.14664,0,0.02319,0,0,0,0,0,0,0.58817,0,0,0,0,0,0,0,0.38591,0,0.17003,0,0,5.36203,0,0,0,0,0,0,0,0,0,0,0,0,0,0,0,0,0,0,0,0,0,0,0,0,0,0,0,0,0,0,0.14673,0,0,0.24664,0,0,1.45065,0,2.22966,0,0.1973,0,0.0468,0,0.30704,4.13562,0,0,0,0,0,1.46437,0,0,0.37047,0,0,0,0,0,0,0,0,0.17128,0,0.03397,0,0,0,0,0,0.734,0,0,0,0,0,0,0,0,0.05167,0,0,0,0,0,0,0,0,0,0,0,0,0.19008,0,0,0,0,0,0,0,0,0,0,0.19841,0,0,0,0,0,0,0,0,0,0,0,0,0,0,0,0,0,0
Apr2015_GCSS08_03222016_S22,0,0,0,0,0,0,0,0,0,0,0,0,0,0,0,0,0,0,0,0,0,0,0.53227,0,0.34387,0,0,0,0.15398,0.56415,0,0,0,0,0,0,0,1.56822,0,0,0,0,0,0,0,0,0,0,0,0,0,0,0,0,1.6857,0,0,0.73053,0,0,0,0,0,4.58342,2.23126,0,0,0,0,0,0,0,0,0,0,0,0,0,0,0,0,0.99306,0,0,0,0,0,0,0,0,28.5764,0,0,0,0,0,0.04806,0,0,0,0,0,0,0,0,0,0,0,0,0,0,0,0,0,0,0,0,0,0,0,0,0,0,0,0,0,0,0,0,0,0,0,0,0,0,0,0,0,0,0,0,0,0,0,0,0,0,0,0,0,0,0,0,0,0,0,0,0,0,0,0,0,0,0.40413,0,0,0,0,0,0,0,0,0,0,0,0,0,0,0,0,0,0,0,0,0,0,0,0,0,0,0,0,0,0,0,0,0,0,0,0,0,0,0,0,0,0,0,0.09091,0,0,0,0,0,0,0,0,0.13133,0,0,0,0,0,0,0,0,0,0,0,0.30971,0,0,0,0,0,0.03356,0,0,0,0,0,0,1.27216,0,0,0,0,0,0,0,0,0,0,0,0,0,0,0,0,0,0,0,0,0.02997,0,0,0,0,1.15413,0,0,0,0,0,0,0,1.55149,0.6531,0,0,0.46968,0,0,0,0,0,13.81771,1.52372,1.76317,0,0,0,0,0,0,0,0,0,0,0,0,0,0,0,0.32116,0,5.13447,0,0,0,6.18393,0,0,0,0,0,0,0,0,0,0,0,0.63668,0,0,0,0,0,0,0,0,0,1.6552,0,0,0,0,0,0,0,0,0,0,0,0,0,0,0,0,0,0,0,0,0,0,0,0,0,0,0,0,0,0,0,0,0,1.61212,0,0,4.78912,0,4.27412,0,0,0,0,0,0,0,0,0,4.93546,0,0,0,0,0,0,0,0,0,0,1.09116,0.06144,0,0,0,0,0,0,0,0,0,0.27643,1.18292,0.25026,0,0,0,0,0,0.38474,0.84468,0,0,0,0,0,0,0,0,0.64002,0,0,0,0,0,0,0,0,0,0,0,0,0,0,0,0,0.02931,0,0,0,0,0,0.44474,0,0,0,0.03636,0,0,0,0,0,0,0
Apr2015_GCSS07_03222016_S21,0,0,0,0,0,0,0,0,0,0,0,0,0,0,0,0,0,0,0,0,0,0,0,0,0.73202,0,0.00871,0,0.14564,2.40191,0,0,0,0,0,0,0,0,0.04929,0,0,0,0,0,0,0.02405,0,0,0,0,0,0,0,0,0.12087,0,0,0,0,0,0,0,0,0.05323,2.1076,0.68292,0,0,0,0,0,0,0.04388,0,0,0,0,0,0,0,0,0,0,0,0,0,0,0,0,14.44934,68.9029,0,0,0,0,0.04946,0,0,0,0,0,0,0,0,0,0,0,0,0,0,0,0,0,0,0,0,0,0,0,0,0,0,0,0,0,0,0,0,0,0,0,0,0,0,0,0,0,0,0,0,0,0,0,0,0,0,0,0,0,0,0,0,0,0,0,0,0,0,0,0,0,1.59775,0,0.79413,0,0,0,0,0,0,0,0,0,0,0,0,0,0.07555,0.13017,0,0,0,0,0,0,0,0,0,0,0,0,0,0,0,0,0,0,0,0,0,0,0,0,0,0,0,0,0,0,0,0,0,0,0,0.19373,0.1873,0,0,0,0,0,0,0,0,0,0,0,0,0.07639,0,0,0,0,0,0,0,0.28322,0,0,0,0,0,0,0.36746,0,0,0,0,0,0,0,0,0,0,0,0,0,0,0,0,0,0,0,0,0,0.16825,0,0.9378,0,0,0,0,0,0,0,0,0,0,0,0,0,0,0,0,0,0.5731,0,0.18593,0,0,0,0,0,0,0,0,0,0,0,0,0,0,0,0,0,0.43678,0,0,0,0.26561,0,0,0,0,0,0,0,0,0,0,0,0,0,0,0,0,0,0,0,0,0,1.60157,0,0,0,0,0,0,0,0,0,0,0,0,0,0,0,0,0,0,0,0,0,0,0,0,0,0,0,0,0.10746,0.23047,0.07231,0,0,0,0,0,0.3752,0,0,0,0,0,0.30658,0.50723,0,0,0,0,0,0,0,0.17172,0,0,0,0,0,0,0,0,0.0645,0,0,0,0,0,0,0,0,0,0,0.23756,0,0,0,0,0,0,0,0,0,0,0,0,0,0.1033,0,0,0,0,0,0,0,0,0,0,0,0,0,0,0,0,0.14511,0,0,0,0,0,0,0.03198,0,0,0,0,0,0,0,0,0,0,0,0,0
Apr2015_GCSS06_03222016_S20,0,0,0,0,0,0,0.02631,0,0,0,0,0,0,0,0,0,0,0,0,0,0,0,0.37231,0,0.26786,0,0,0,1.61656,1.97753,0,0,0,0,0,0,0,1.06535,0.67473,0,0,0,0,0,0,0.11453,0,0,0,0,0,0,0,0,0.11937,0,0,0,0,0,0,0,0,0.44853,0.47534,0.29533,0,0,0,0,0,0,0.11424,0,0,0,0,0,0,0,0,0.5007,0,0,0,0,0,0,0,0,48.39067,0,0.11214,0.10015,0,0,2.20118,0,0,0,0,0,0,0,0,0,0,0,0,0,0.11741,0,0,0,0,0,0,0,0,0,0,0,0,0,0,0,0,0,0,0,0,0,0,0,0,0,0,0,0,0,0,0,0,0,0,0,0,0,0,0,0,0,0,0,0,0,0,0,0.0839,0,0,0.07281,0,0.6296,0,0,0,0,0,0,0,0,0,0,0,0.71851,0,0,0,0,0,0,0,0,0,0,0,0,0,0,0,0,0,0,0,0,0,0,0,0,0,0,0,0,0,0,0,0.07081,0,0,0,0,0,0,0,0,0,0,0,0,0,0,0,0,0.06437,0,0,0,0.36488,0,0,0.0633,0,0,1.00791,0,0,0,0,0,0.01484,1.33512,0,1.59843,0,0,0,0,0,0.45526,0,0,0,0,0.02943,0,0.0711,0,0,0,0,0,0.04485,0,0,0,0,2.13642,0,0,0.06086,0,0,0,0,2.03782,0.55646,0.60818,0.28627,1.36002,0,0,0,0,0.43945,8.58135,1.06551,1.15973,0,0,0,0,0,0,0,0,0,0,0,0,0,0,0,0,0,2.27565,0,0,0,1.57311,0,0.12865,0,0,0,0,0,0,0,0,0,0,0,0,0,0,0,0,0,0,0,3.38158,0,0,0,0,0,0,0,0,0,0,0,0,0,0,0,0,0,0,0,0,0,0,0,0,0,0,0,0,0,0,0.086,0,0,0.91842,0,0,1.78997,0,1.77298,0,0,0,0,0,0.29021,1.06224,0,0,0,0,0,0.43295,0,0,0.55231,0,0,0,0,0.56253,0,0,0,0.40272,0,0,0,0,0,0,0,0.76528,0,0,0,0,0,0,0,0,0.06253,0,0.03545,0,0,0,0,0,0,0,0,0,0,0,0,0,0,0,0,0,0,0,0,0,0,0,0,0,0,0,0,0,0,0,0,0,0,0,0,0,0,0,0
Apr2015_GCSS05_03222016_S19,0,0,0,0,0,0,0,0,0,0,0,0,0,0,0,0,0,0,0,0,0,0,0.51636,0,0.75054,0,0,0,2.86568,0.78683,0,0,0,0,0,0,0,0.88451,0,0,0,0,0,0,0,0,0,0,0,0,0,0,0,0,0.2867,0,0,0,0,0,0,0,0,0.18708,5.77458,0,0,0,0,0,0,0,0,0,0,0,0,0,0,0,0,0,0,0,0,0,0,0.96871,0,11.15339,23.76071,0,0,0,0,0,0.22395,0,0,0,0,0,0,0,0,0,0,0,0,0,0,0,0,0,0,0,0,0,0,0,0,0,0,0,0,0,0,0,0,0,0,0,0,0,0,0,0,0,0,0,0,0,0,0,0,0,0,0,0,0,0,0,0,0,0,0,0,0,0,0,0,0.01559,0,1.89016,0,0,0,0,0,0,0,0,0,0,0,0,0,0,0,0,0,0,0,0,0,0,0,0,0,0,0,0,0,0,0,0,0,0,0,0,0,0,0,0,0,0,0,0,0,0,0,0,0,0,0,0,0,0,0,0,0,0,0,0,0,0,0,0,0.11746,0,0,0,0,0,0,0,0.71483,0,0,0,0,0.52639,1.041,0,0,0,0,0,0,0.14825,0,0,0,0,0,0,0,0,0,0,0,0,0,0,0,0,0,2.14356,0,0,0,0,0,0,0,1.2736,0.54276,0.52099,0,0.88902,0,0,0,0,0,10.27926,2.05462,1.56471,0,0,0,0,4.47543,0,0,0.08675,0,0,0,0,0,0,0,0,0,4.70617,0,0,0,1.11014,0,0,0,0,0,0,0,0,0,0,0,0,0,0,0,0,0,0,0,0,0,1.55238,0,0,0,0,0,0,0,0,0,0,0,0,0,0,0,0,0,0,0,0,0,0,0,0,0,0,0,0,0,0,0,0,0,1.46655,0.83197,0,4.22454,0.59997,4.25138,0,0.36903,0,0,0,0,1.13949,0,0,0,0,0,0,0,0,0,0,0,0,0,0.72312,0,0,0.81456,0.4655,0,0,0,0,0,0,0,0.62711,0,0,0,0,0,0,0,0,0,0,0,0,0,0,0,0,0,0,0,0,0,0,0,0,0,0,0,0,0,0,0.13816,0,0,0,0,0.1748,0,0,0,0,0,0,0,0,0,0.02958,0,0,0,0.33213,0
Apr2015_GCSS05-B_03222016_S32,0,0,0,0,0,0,0,0,0,0,0,0,0,0,0,0,0,0,0,0,0,0,0.75947,0,0.35056,0,0,0,3.27045,1.22501,0,0,0,0,0,0,0,1.05202,0,0,0,0,0,0,0,0,0,0,0,0,0,0,0,0,0.31245,0,0,0,0,0,0,0,0,0.06054,5.33798,0.12883,0,0,0,0,0,0,0,0,0,0,0,0,0,0,0,0,0,0,0,0,0,0,0,0,34.33913,0,0,0,0,0,0.33475,0,0,0,0,0,0,0,0,0,0,0,0,0,0,0,0,0,0,0,0,0,0,0,0,0,0,0,0,0,0,0,0,0,0,0,0,0,0,0,0,0,0,0,0,0,0,0,0,0,0,0,0,0,0,0,0,0,0,0,0,0,0,0,0,0.04594,0,0.82398,0,0,0,0,0,0,0,0,0,0,0,0,0,0,0,0,0,0,0,0,0,0,0,0,0,0,0,0,0,0,0,0,0,0,0,0,0,0,0,0,0,0,0,0.06178,0,0,0,0,0,0,0,0,0,0,0,0,0,0,0,0,0,0,0,0,0.1451,0,0,0,0,0,0.02172,0,0.44517,0,0,0,0,0,0,0,0,0,0,0,0,0.12819,0,0,0,0,0,0,0,0,0,0,0,0,0,0,0,0,0,1.50938,0,0,0,0,0,0,0,1.08624,1.0599,0.99033,0.25869,0.93334,0,0,0,0,0,10.87923,2.07053,2.00566,0,0,0,0,4.87946,0,0,0.32084,0,0,0,0,0,0,0,0,0,4.30029,0,0,0,1.3615,0,0,0,0,0,0,0,0,0,0,0,0,0,0.18034,0,0,0,0,0,0,0,1.48191,0,0,0,0,0,0,0,0,0,0,0,0,0,0,0,0,0,0,0,0,0,0,0,0,0,0,0,0,0,0,0.07503,0,0,1.65687,0.82299,0,5.33349,0,4.62133,0.82283,0,0,0,0,0,2.02269,0,0,0,0,0,0,0,0,0,0,0,0,0,1.30296,0,0,0.43435,0,0,0,0,0,0,0,0,0.59105,0,0,0,0,0,0,0,0,0,0,0,0,0,0,0,0,0,0,0,0,0,0,0,0,0,0,0,0,0.15568,0,0,0,0,0,0,0,0,0,0,0,0,0,0,0,0,0,0,0,0,0,0
Apr2015_GCSS05-A_03222016_S31,0,0,0,0,0,0,0,0,0,0,0,0,0,0,0,0,0,0,0,0,0,0,0.85819,0,0.46333,0,0,0,0.09987,0.95018,0,0,0,0,0,0,0,1.10155,0,0,0,0,0,0,0,0,0,0,0,0,0,0,0,0,0.24863,0,0,0,0,0,0,0,0,0,3.85257,0,0,0,0,0,0,0,0,0,0,0,0,0,0,0,0,0,0,0,0,0,0,0,0,13.20468,28.08739,0,0,0,0,0,0.24294,0,0,0,0,0,0,0,0,0,0,0,0,0,0,0,0,0,0,0,0,0,0,0,0,0,0,0,0,0,0,0,0,0,0,0,0,0,0,0,0,0,0,0,0,0,0,0,0,0,0,0,0,0,0,0,0,0,0,0,0,0.17771,0,0,0,0,0,2.58651,0,0,0,0,0,0,0,0,0,0,0,0.48185,0,0,0,0,0,0,0,0,0,0,0,0,0,0,0,0,0,0,0,0,0,0,0,0,0,0,0,0,0,0,0,0,0,0,0,0,0,0,0,0,0,0,0,0,0,0,0,0,0,0,0,0,0.09903,0,0,0,0,0,0.14909,0,0,0,0,0,0,0,0,0.00859,0,0,0,0,0,0.03167,0,0,0,0,0,0,0,0,0,0,0,0,0,0,0,0,0,1.01022,0,0,0,0,0,0,0,1.37794,0.36356,0,0,1.00127,0,0,0,0,0.6253,13.4251,1.90256,2.05532,0,0,0,0,2.89276,0,0,0,0,0,0,0,0,0,0,0,0,4.00875,0,0,0,1.03256,0,0,0,0,0,0,0,0,0,0,0,0,0,0,0,0,0,0,0,0,0,0.86154,0,0,0,0,0,0,0,0,0,0,0,0,0,0,0,0,0,0,0,0,0,0,0,0,0,0,0,0,0,0,0.07438,0,0,0.73486,0,0,7.05806,0,3.61515,0.42731,0.54966,0,0,0,0.05726,1.31562,0,0,0,0,0,0.02812,0,0,0.00608,0,0,0,0,1.32181,0,0.37675,0.72243,0,0,0,0,0,0,0,0,0.51186,0,0,0,0,0,0,0,0,0,0,0,0,0,0,0,0,0,0,0,0,0,0,0,0,0,0,0,0,0,0,0,0,0,0,0,0,0,0,0,0,0,0,0,0,0,0,0,0,0,0,0
Apr2015_GCSS04_03222016_S18,0,0,0,0,0,0,0,0,0,0,0,0,0,0,0,0,0,0,0,0,0,0,0,0,0.54258,0,0,0,0.04859,13.54717,0,0,0,0,0,0,0,0,0.00109,0,0,0,0,0,0,0,0,0,0,0,0,0,0,0.04057,0.02426,0,0,0,0,0,0,0,0,0.01331,0.23013,0.69169,0,0,0,0,0,0,0.00269,0,0,0,0,0,0,0,0,0,0,0,0,0,0,0,0,22.13185,59.82712,0,0,0,0,0,0,0,0,0,0,0,0,0,0,0,0,0,0,0,0,0,0,0,0,0,0,0,0,0,0,0,0,0,0,0,0,0,0,0,0,0,0,0,0,0,0,0,0,0,0,0,0,0,0,0,0,0,0,0,0,0,0,0,0,0,0,0,0,0,0,0,0,0.20924,0,0,0,0,0,0,0,0,0,0,0,0,0,0,0,0,0,0,0,0,0,0,0,0,0,0,0,0,0,0,0,0,0,0,0,0,0,0,0,0,0,0,0,0,0,0,0,0,0,0,0.09607,0.04384,0,0,0,0,0,0,0,0,0,0,0,0,0.00578,0,0,0,0,0,0,0,0,0,0,0,0,0,0,0.00773,0,0,0,0,0,0,0,0,0,0,0,0,0,0,0,0,0,0,0,0,0,0.10847,0,0.02437,0,0,0,0,0,0,0,0,0,0,0,0,0,0,0,0,0,0.05341,0,0,0,0,0,0,0,0,0,0,0,0,0,0,0,0,0,0,0,0.06989,0,0,0,0,0,0,0,0,0,0,0,0,0,0,0,0,0,0,0,0,0,0,0,0,0,0,0,0,0,0,0,0,0,0,0,0,0,0,0,0,0,0,0,0,0,0,0,0,0,0,0,0,0,0,0.02458,0.21867,0,0,0,0.02922,0,0,0,0,0,0,0,0,0.10335,0.29059,0,0,0,0,0,0,0,0.02447,0,0,0,0,0,0,0,0,0,0,0,0,0,0,0,0,0,0,0,0.02935,0,0.01104,0,0,0,0,0,0,0,0,0,0,0.00491,0.00513,0.01343,0.02551,0,0,0,0.00579,0,0,0,0.01447,0,0,0,0,0,0,0.0437,0,0,0,0.00748,1.381,0.02094,0.0037,0.01019,0,0,0,0.01263,0,0,0,0,0,0,0,0
Apr2015_GCSS03_03222016_S17,0,0,0,0,0,0,0.04776,0,0,0,0,0,0,0,0,0,0,0,0,0,0,0,0,0,0.53468,0,0,0,0.16715,1.27593,0,0,0,0,0.05382,0,0,0.2233,0.09894,0,0,0,0,0,0,0,0,0,0,0,0,0,0,0.04652,0.21662,0,0,0,0,0,0,0,0,0.15438,1.99722,0.32155,0,0,0,0,0,0,0.01849,0,0,0,0,0,0,0,0,0,0,0,0,0,0,0,0,23.20348,58.69791,0,0.04002,0.02304,0,0.07018,0.40047,0,0,0,0,0,0,0,0,0,0,0,0,0,0,0,0,0,0,0,0,0,0,0,0,0,0,0,0.01356,0,0,0,0,0,0,0,0,0,0,0,0,0,0,0,0,0,0,0,0,0,0,0,0,0,0,0,0,0,0,0,0.03749,0,0,0,0,0.73942,0,0.62838,0,0,0,0,0,0,0.35084,0,0,0,0,0,0,0,0.01709,0,0,0,0,0,0,0,0,0,0,0,0,0,0,0,0,0,0,0,0,0,0,0,0,0,0,0,0,0,0,0,0,0,0,0,0,0,0,0,0,0,0,0,0,0,0,0,0,0,0.09042,0,0,0.07162,0,0,0.35637,0,0,0,0,0,0.04054,0,0,1.38601,0,0,0,0,0,0.08189,0,0,0,0,0.03817,0,0,0,0,0,0,0,0.05479,0,0,0.07409,0,0.93089,0,0.01547,0.06489,0,0,0,0,0.43215,0.15823,0,0,0.26758,0,0,0,0,0,1.48422,0.32453,0.43312,0,0,0,0,0,0,0,0,0,0,0,0,0,0,0,0,0.08381,0.87485,0,0,0,0.2628,0,0,0,0,0,0,0,0,0,0,0,0,0,0,0,0,0,0,0,0,0,0.97313,0,0,0,0,0,0,0,0,0,0,0,0,0,0,0,0,0,0,0,0,0,0,0,0,0,0,0,0,0,0,0,0,0,0.15519,0,0,0.51043,0.35627,0.53175,0,0,0,0.02887,0,0,0,0,0,0,0,0,0.11759,0,0,0,0,0,0,0,0,0,0,0,0.11519,0,0,0,0,0,0,0,0.21037,0,0,0,0,0,0,0,0,0,0,0,0,0,0,0,0,0,0,0,0,0.09655,0,0,0,0,0,0,0,0,0,0,0,0,0,0,0,0,0,0,0,0,0,0,0,0,0,0,0,0,0,0
Apr2015_GCSS02_03222016_S16,0,0,0,0,0,0,0,0,0,0,0,0,0,0,0,0,0,0,0,0,0,0,0.49367,0,0.20855,0,0,0,1.97782,0.85536,0,0,0,0,0,0,0,0.6317,0,0,0,0,0,0,0,0,0,0,0,0,0,0,0,0,0,0,0,0,0,0,0,0,0,0.37316,2.09776,0.3449,0,0,0,0,0,0,0,0,0,0,0,0,0,0,0,0.38983,0,0,0,0,0,0,0,17.83055,48.81108,0,0.32026,0.07731,0.03333,0.04757,2.78136,0,0,0,0,0,0,0,0,0,0,0,0,0,0,0,0,0,0,0,0,0,0,0,0,0,0,0,0,0,0,0,0,0,0,0,0,0,0,0,0,0,0,0,0,0,0,0,0,0,0,0,0,0,0,0,0,0,0,0,0,0,0,0,0,0.58591,0,0.98038,0,0,0,0,0,0,0,0,0,0,0,0,0,0,0,0,0,0,0,0,0,0,0,0,0,0,0,0,0,0,0,0,0,0,0,0,0,0,0,0,0,0,0,0,0,0,0,0,0,0,0,0,0,0,0,0,0,0,0,0,0,0,0,0,0,0,0,0,0,0,0,0,0,0,0,0,0,0,0,0.07963,0,0,0,0,0,0,0,0,0,0,0,0,0,0,0,0,0,0,0,0,0,0,0,0.56788,0,0,0,0,0,0,0,1.47618,0.31726,0.1059,0,0.90638,0,0,0,0,0,4.16117,1.56482,1.22887,0,0,0,0,0,0,0,0,0,0,0,0,0,0,0,0,0,2.8294,0,0,0,1.62397,0,0,0,0,0,0,0,0,0,0,0,0,0,0,0,0,0.1866,0,0,0,0,0.80888,0,0,0,0,0,0,0,0,0,0,0,0,0,0,0,0,0,0,0,0,0,0,0,0,0,0,0,0,0,0,0,0,0,0.95111,0,0,1.7608,0.46301,1.6416,0,0,0,0.00664,0,0.08893,0,0,0,0,0,0,0,0,0,0,0,0,0,0,0,0,0,0,0,0,0,0,0,0,0,0,0.36832,0,0,0,0,0,0,0,0,0.02213,0,0,0,0,0,0,0,0,0,0,0,0,0,0,0,0,0,0,0,0,0,0,0,0,0,0,0,0,0,0,0,0,0,0,0,0,0,0,0,0,0,0
Apr2015_GCSS01_03222016_S15,0,0,0,0,0,0,0,0,0,0,0,0,0,0,0,0,0,0,0,0,0,0,0,0,0.19179,0.77832,0,0,0.1278,0.31465,0,0,0,0,0.21235,0,0,0.33447,0.08752,0,0,0,0,0,0,0,0,0,0,0,0,0,0,0,0.08547,0,0,0,0,0,0,0,0,0.17357,5.13753,0.42291,0,0,0,0,0,0,0,0,0,0,0,0,0,0,0,0,0,0,0,0,0,0,0,15.98754,50.2007,0,3.10056,0.42611,0.43819,0.40346,0.06729,0,0,0,0,0.10796,0,0,0,0,0,0,0,0,0,0,0,0,0,0,0,0,0,0,0,0,0,0,0.06115,0,0,0,0,0,0,0,0,0,0,0,0,0,0,0,0,0,0,0,0,0,0,0,0,0,0,0,0,0,0,0,0,0,0,0,0,2.10441,0,1.35238,0,0,0,0,0,0,0,0,0,0,0,0.15852,0,0,0,0,0,0,0,0,0,0,0,0,0,0,0,0,0,0,0,0,0,0,0,0,0,0,0,0,0,0,0,0,0,0,0,0,0,0,0,0,0,0,0,0,0,0,0,0,0,0,0,0,0,0,0,0,0,0,0.01817,0,0.32154,0,0,0,0,0,0,0.39825,0,0,0,0,0,0.01252,0,0,0,0,0,0,0,0,0,0,0,0,0,0,0,0,0,0.47577,0,0,0,0,0,0,0,0.85251,0.36693,0,0,0.56385,0,0,0,0,0,2.94922,0,0.40737,0.03792,0,0,0,0,0,0,0,0,0,0,0,0,0,0,0,0,1.22241,0,0,0,1.57028,0,0,0,0,0,0,0,0,0,0,0,0.70684,0,0,0,0,0,0,0,0,0,2.58052,0,0,0,0.0531,0,0,0,0,0,0,0,0,0,0,0,0,0,0,0,0,0,0,0,0,0,0,0,0,0.23479,0,0,0,0,0.41219,0,0,0.70059,0,0.88687,0.17621,0,0,0,0,0,0,0,0,0,0,0,0.04444,0,0,0,0,0,0,0,0,0.26015,1.42979,0,0,0,0,0,0,0,0,0,0.72202,0,0,0,0,0.06915,0.05402,0,0,0.06892,0,0,0,0,0,0,0,0,0,0.12899,0,0,0,0,0,0,0,0,0,0,0,0,0,0,0,0,0,0,0,0,0,0,0,0,0,0,0,0,0,0,0,0
Apr2015_GCSS01-B_03222016_S30,0,0,0,0,0,0,0,0,0,0,0,0,0,0,0,0,0,0,0,0,0,0,0,0,0.54851,0.36065,0,0,0.33779,1.02843,0,0,0,0,0,0,0,0,0,0,0,0,0,0,0,0,0,0,0,0,0,0,0,0,0.06984,0,0,0,0.02812,0,0,0,0,0.03542,4.6314,0.34557,0,0,0,0,0,0,0,0,0,0,0,0,0,0,0,0,0,0,0,0,0,0.26827,0,16.79519,56.93826,0,1.454,0.25383,0.32672,0.20577,0.02167,0,0,0,0,0.08922,0,0,0,0,0,0,0,0,0,0,0,0,0,0,0,0,0,0,0,0,0,0,0.08672,0,0,0,0,0,0,0,0,0,0,0,0,0,0,0,0,0,0,0,0,0,0,0,0,0,0,0,0,0,0,0,0,0,0,0,0,1.82802,0,1.28926,0,0.26106,0,0,0,0,0,0,0,0,0,0,0,0,0.00713,0,0,0,0,0,0,0,0,0,0,0,0,0,0,0,0,0,0,0,0,0,0,0,0,0,0,0,0,0,0,0,0,0,0,0,0.01065,0,0,0,0,0,0,0,0,0.06348,0,0,0,0,0,0,0,0,0,0,0.04524,0,0,0,0,0,0,0,0,0.46323,0,0,0,0,0,0.0326,0,0,0,0,0,0,0,0,0,0,0,0,0,0,0,0,0,0.56947,0,0,0,0,0,0,0,1.05909,0.20615,0,0,0,0,0,0,0,0,1.84647,0.30206,0.60981,0.06206,0,0,0,0,0,0,0,0,0,0,0,0,0,0,0,0,0.87274,0,0,0,1.12141,0,0,0,0,0,0,0,0,0,0,0,0.43319,0,0.72558,0,0,0,0,0,0,0,1.60227,0,0,0,0.06032,0,0,0,0,0,0,0,0,0,0,0,0,0,0,0,0,0,0,0,0,0,0,0,0,0.21953,0,0.05332,0,0,0,0,0,0.45301,0,0.45844,0,0,0,0,0,0.07006,0,0,0,0,0,0,0.02979,0,0,0,0,0,0,0,0,0,0.28961,0,0,0,0,0,0,0,0,0,0.7683,0,0,0,0,0.12508,0.13459,0,0,0.03596,0,0,0,0,0,0,0,0,0.02404,0.0416,0,0,0,0,0,0,0,0,0,0,0,0,0,0,0,0,0,0,0,0,0,0,0,0,0,0,0,0,0,0,0,0
Apr2015_GCSS01-A_03222016_S29,0,0,0,0,0,0,0,0,0,0,0,0,0,0,0,0,0,0,0,0,0,0,0,0,0.40949,0.41215,0,0,0.29421,1.56757,0,0,0,0,0.10373,0,0,0,0.09057,0,0,0,0,0,0,0.01421,0,0,0,0,0,0,0,0,0.12166,0,0,0,0.00653,0,0,0,0,0.0603,4.15904,0.75247,0,0,0,0,0,0,0.08708,0,0,0,0,0,0,0,0,0,0,0,0,0,0,0,0,0,72.88207,0,1.6286,0.2505,0.36435,0.22856,0.04395,0,0,0,0,0.15397,0,0,0,0,0,0,0,0,0,0,0,0,0,0,0,0,0,0,0,0,0,0,0.10181,0,0,0,0,0,0,0,0,0,0,0,0,0,0,0,0,0,0,0,0,0,0,0,0,0,0,0,0,0,0,0,0,0,0,0,0,1.72939,0,0.8823,0,0,0,0,0,0,0,0,0,0,0,0,0,0,0.1134,0,0,0,0,0,0,0,0,0,0,0,0,0,0,0,0,0,0,0,0,0,0,0,0,0,0,0,0,0,0,0,0,0,0,0,0.02681,0,0,0,0,0,0,0,0,0.02288,0,0,0,0,0,0,0,0,0,0,0.1326,0,0,0,0,0,0,0,0,0.36591,0,0,0,0,0,0,0,0,0,0,0,0,0,0,0,0,0,0,0,0,0,0.04256,0,0.67175,0.07508,0,0,0,0,0,0,0.48058,0.05112,0,0,0,0,0,0,0,0,2.16105,0.56197,0.47452,0.04946,0,0,0,0,0,0,0,0,0,0,0,0,0,0,0,0.00618,0.98134,0,0,0,0.82119,0,0,0,0,0,0,0,0,0,0,0,0.41082,0,0,0,0,0,0,0,0,0,2.13651,0,0,0,0.14789,0,0,0,0,0,0,0,0,0,0,0,0,0,0,0,0,0,0,0,0,0,0,0,0,0.29751,0,0.13931,0,0,0.44175,0,0,0.40867,0,0.6421,0,0,0,0.05126,0,0.11381,0,0,0,0,0,0,0.03263,0,0,0,0,0,0,0,0,0.02439,0.53418,0,0,0,0,0,0,0,0,0,0.44871,0,0,0,0,0.19599,0.09865,0,0,0.04976,0,0,0,0,0,0,0,0,0.01003,0.03835,0,0,0,0,0,0.06386,0,0,0.03638,0,0,0,0,0,0,0,0.2945,0,0,0,0,0,0,0,0,0,0,0,0,0,0,0